ourid,release_date,grossboxoffice,classgrossboxoffice,specialeffects,starvalue_director,starvalue_producer,startvalue_stars,origscreenoplayes,action,adventure,animation,biography,comedy,crime,documentary,drama,family,fantasy,history,horror,music,musical,mystery,romance,scifi,sport,thriller,war,western,othergenre,competition,mpaa_rating,maxscreens,user_rating,opening___screens,estmated_budget,opening_weekend,number_of_weeks,movie_length,
10081,40452,96917897,8,2,4,2,3,No,0,0,0,1,0,0,0,1,0,0,1,0,0,0,0,0,0,0,0,0,0,1,L,PG-13,2921,8.1,2771,40000000,22445653,21,120,
10093,40325,95328937,8,2,3,2,3,No,0,0,0,0,1,0,0,1,0,0,0,0,0,0,0,1,0,0,0,0,0,1,M,R,3445,3.9,3445,100000000,36835353,12,146,
10117,40207,81124129,8,2,3,2,2,No,0,0,0,0,0,1,0,1,0,0,0,0,0,0,1,0,0,0,1,0,0,1,L,R,3066,6.7,3066,60000000,17214384,8,117,
10160,40102,107917283,8,5,4,4,3,Yes,0,0,0,0,0,0,0,0,0,0,0,1,0,0,1,0,0,0,1,0,0,1,L,R,2712,6.6,12,15000,77873,14,86,
10182,39995,97030725,8,3,3,3,4,No,0,0,0,1,0,1,0,1,0,0,1,0,0,0,0,0,0,0,0,0,0,1,M,R,3336,7.1,3334,100000000,25271675,8,140,
10192,40018,88915214,8,2,3,2,3,No,0,0,0,0,1,0,0,0,0,0,0,0,0,0,0,1,0,0,0,0,0,1,M,R,773,6.4,2882,38000000,27605576,10,96,
10334,40214,80014842,8,2,3,3,3,No,0,0,0,0,0,0,0,1,0,0,0,0,0,0,0,1,0,0,0,1,0,1,L,PG-13,3062,5.9,2969,25000000,30468614,10,108,
10345,40522,104383624,8,5,3,2,2,No,0,1,0,0,0,0,0,0,1,1,0,0,0,0,0,0,0,0,0,0,0,1,M,PG,3555,6.5,3555,155000000,24005069,17,113,
10371,39807,109993847,8,4,4,3,4,No,0,0,0,0,1,0,0,0,1,1,0,0,0,0,0,0,0,0,0,0,0,1,M,PG,3684,6.1,3681,80000000,27450296,11,99,
10376,40312,105219735,8,4,4,2,4,No,1,1,0,0,0,0,0,1,0,0,0,0,0,0,0,0,0,0,0,0,0,1,M,PG-13,3505,6.8,3503,200000000,36063385,12,140,
10385,40529,106882290,8,4,3,3,4,No,0,0,0,0,0,0,0,1,0,0,0,0,0,0,1,0,0,0,1,0,0,1,M,R,2407,8.4,18,13000000,1443809,19,108,
10386,40382,118311368,8,4,3,2,4,Yes,1,0,0,0,0,1,0,0,0,0,0,0,0,0,1,0,0,0,1,0,0,1,M,PG-13,3612,6.5,3612,110000000,36011243,14,100,
10462,40074,124870275,8,4,3,3,3,No,0,0,1,0,1,0,0,0,1,1,0,0,0,0,0,0,0,0,0,0,0,1,L,PG,3119,7.1,3119,100000000,30304648,13,90,
10494,39164,95000445,8,2,3,4,3,No,1,0,0,0,0,1,0,0,0,0,0,0,0,0,1,0,0,0,1,0,0,1,L,R,2806,7.1,0,61000000,0,9,124,
10500,40221,110476776,8,2,4,2,3,No,0,0,0,0,1,0,0,0,0,0,0,0,0,0,0,1,0,0,0,0,0,1,L,PG-13,3665,5.7,0,52000000,0,10,125,
10514,39577,93945766,8,5,4,3,3,No,1,0,0,0,0,0,0,0,1,0,0,0,0,0,0,0,0,1,0,0,0,1,M,PG,3606,6.2,3606,120000000,18561337,13,135,
10524,39948,133375846,8,4,3,3,4,No,0,0,0,0,0,0,0,0,0,0,0,0,0,0,1,0,0,0,1,0,0,1,M,PG-13,3527,6.7,3527,150000000,46204168,10,138,
10611,39441,104636188,8,4,3,2,3,No,0,1,0,0,0,0,0,0,1,1,0,0,0,0,0,0,0,0,0,0,0,1,M,PG,2777,6.6,2772,45000000,2385644,8,112,
10713,40494,81557479,8,4,4,2,4,Yes,1,0,0,0,0,0,0,1,0,0,0,0,0,0,0,0,0,0,1,0,0,1,H,PG-13,3209,6.9,3207,100000000,22688457,16,98,
10729,40326,90755643,8,5,3,2,3,No,1,1,0,0,0,0,0,0,0,1,0,0,0,0,0,1,0,0,0,0,0,1,M,PG-13,3646,6.7,0,200000000,37813075,17,116,
10733,39437,109155885,8,3,3,3,4,No,0,0,0,1,1,0,0,1,0,0,1,0,0,0,0,0,0,0,0,0,0,1,M,R,2594,7.3,2575,75000000,15952430,11,102,
10750,38874,119498909,8,4,2,2,3,Yes,0,0,0,0,0,0,0,0,0,0,0,1,0,0,0,0,0,0,1,0,0,1,H,R,2723,5.4,2723,25000000,16026496,12,110,
10771,39472,113244290,8,4,3,3,4,Yes,1,0,0,0,0,0,0,0,0,0,0,0,0,0,0,0,0,0,1,1,0,1,L,R,2764,7.3,2751,50000000,18203876,9,92,
10797,38884,80197993,8,4,3,3,3,Yes,0,0,0,0,1,0,0,0,1,0,0,0,0,0,0,0,0,1,0,0,0,1,H,PG,3083,5.7,3070,32000000,28309599,12,0,
10825,38800,88504640,8,4,3,2,4,Yes,0,0,0,0,0,1,0,1,0,0,0,0,0,0,0,0,0,0,1,0,0,1,L,R,2867,7.7,2818,45000000,28954945,15,129,
10886,39514,94770548,8,5,4,2,2,Yes,0,1,0,0,0,0,0,0,0,1,0,0,0,0,0,0,0,0,0,0,0,1,L,PG-13,3454,4.9,3410,105000000,35867488,15,109,
10899,39402,82161969,8,4,4,2,3,No,1,1,1,0,0,0,0,0,0,1,0,0,0,0,0,0,0,0,0,0,0,1,H,PG-13,3249,6.5,3153,150000000,27515871,11,115,
10919,40018,119420252,8,4,2,2,3,No,1,1,0,0,1,0,0,0,1,1,0,0,0,0,0,0,0,0,0,0,0,1,M,PG,3697,5,3697,150000000,31706934,15,88,
10950,39759,91826289,8,2,2,2,3,No,0,0,0,0,1,0,0,0,0,0,0,0,0,0,0,1,0,0,0,0,0,1,H,R,2798,7.1,2792,28000000,19167085,12,99,
10958,38912,101595121,8,4,3,3,3,Yes,0,0,0,0,1,1,0,0,0,0,0,0,0,0,0,0,0,0,0,0,0,1,M,PG-13,2533,3.6,2533,64000000,21613176,7,98,
11065,39640,75754670,8,5,4,3,3,No,1,1,0,0,0,0,0,0,0,1,0,0,0,0,0,0,0,0,0,0,0,1,M,PG-13,3212,7.3,3204,72000000,34539115,9,120,
11084,38996,132373442,8,3,4,3,4,No,0,0,0,0,0,1,0,0,0,0,0,0,0,0,1,0,0,0,1,0,0,1,L,R,3017,8.5,3017,90000000,26887467,24,151,
11142,38711,88933562,8,3,3,2,3,Yes,0,0,0,0,1,0,0,1,0,0,0,0,0,0,0,1,0,0,0,0,0,1,M,PG-13,2815,5.5,2815,0,7515000,11,97,
11159,39171,97821064,8,4,2,2,2,No,0,1,1,0,1,0,0,0,1,0,0,0,0,0,0,0,1,0,0,0,0,1,L,G,3413,6.9,3413,0,25123781,20,95,
11163,39087,132180323,8,3,2,2,3,No,0,0,0,0,0,0,0,1,0,0,0,0,0,0,0,0,0,0,1,0,0,1,L,R,280,7.5,0,60800000,55527,9,147,
11165,38415,113006880,8,4,4,4,4,Yes,1,0,0,0,1,0,0,1,1,0,0,0,0,0,0,0,0,0,1,0,0,1,L,PG,3181,5.2,3131,56000000,30552694,18,95,
11208,38435,101393569,8,3,2,4,4,Yes,1,0,0,0,1,1,0,0,0,0,0,0,0,0,0,0,0,0,0,0,0,1,L,PG-13,3233,4.7,3233,45000000,14043215,14,115,
11228,38758,126121167,8,4,4,3,3,No,0,1,0,0,1,1,0,0,0,0,0,0,0,0,1,0,0,0,0,0,0,1,L,PG,3477,5.2,3477,80000000,20220412,10,93,
11236,38380,122650962,8,3,2,2,3,Yes,0,0,0,0,0,0,0,0,0,0,0,1,0,0,1,0,0,0,1,0,0,1,L,R,3005,5.6,3005,30000000,21959233,14,101,
11260,38569,110594793,8,3,3,4,3,No,1,1,0,0,1,0,0,0,0,0,0,0,0,0,0,0,0,0,0,0,0,1,L,PG-13,3785,4.8,3785,50000000,30675314,13,104,
11276,38366,90754475,8,4,2,2,3,No,0,1,0,0,1,0,0,1,1,0,0,0,0,0,0,0,0,1,0,0,0,1,L,PG,3185,5.2,3185,0,18862432,17,102,
11286,38527,131426169,8,4,4,3,4,No,0,0,0,0,1,0,0,0,0,1,0,0,0,0,0,1,0,0,0,0,0,1,H,PG-13,3188,4.8,3174,85000000,20131130,9,102,
11296,39640,101702060,8,4,2,3,3,No,1,1,0,0,0,0,0,0,1,0,0,0,0,0,0,0,1,0,1,0,0,1,M,PG,2830,5.8,2811,45000000,21018141,20,93,
11322,38210,95149435,8,3,3,3,3,No,0,0,0,0,1,0,0,1,1,0,0,0,0,0,0,1,0,0,0,0,0,1,L,G,3490,5.2,3472,40000000,22956453,19,113,
11361,38156,114324072,8,3,2,2,4,Yes,0,0,0,0,1,0,0,0,0,0,0,0,0,0,0,0,0,1,0,0,0,1,H,PG-13,3020,6.6,2694,20000000,30070196,20,92,
11367,38065,102356381,8,4,3,3,3,No,1,0,0,0,0,0,0,1,0,0,0,1,0,0,0,0,0,0,1,0,0,1,L,R,2748,7.4,2745,28000000,26722575,13,101,
11416,38254,117575636,8,3,2,3,3,Yes,0,0,0,0,0,0,0,1,0,0,0,0,0,0,1,0,1,0,1,0,0,1,L,PG-13,3144,5.7,3104,42000000,21022111,9,91,
11422,38590,105316267,8,4,3,2,3,Yes,0,1,0,0,1,0,0,0,0,1,0,0,0,0,0,0,0,0,1,0,0,1,L,PG-13,3098,5.9,3087,88000000,15092079,8,118,
11433,38331,125531634,8,3,3,4,4,Yes,0,0,0,0,0,1,0,0,0,0,0,0,0,0,0,0,0,0,1,0,0,1,M,PG-13,3290,6.1,3290,110000000,39153380,15,125,
11482,37951,75817994,8,4,3,2,3,Yes,0,0,0,0,1,0,0,0,1,1,0,0,0,0,1,0,0,0,1,0,0,1,H,PG,3122,4.8,3122,90000000,24278410,19,99,
11485,39260,134527196,8,4,3,2,3,No,1,1,0,0,0,1,0,0,0,0,0,0,0,0,0,0,0,0,1,0,0,1,H,PG-13,3411,7.5,3408,110000000,33369559,17,128,
11490,37967,124590960,8,3,4,3,4,Yes,0,0,0,0,1,0,0,0,0,0,0,0,0,0,0,1,0,0,0,0,0,1,M,PG-13,2876,6.8,2677,0,16064723,16,128,
11501,38072,76747441,8,3,3,2,3,No,0,0,0,0,1,1,0,0,0,0,0,0,0,0,0,0,0,0,1,0,0,1,L,R,1589,6.2,1583,35000000,12634563,16,104,
11511,38163,81001787,8,3,3,3,3,No,0,0,0,0,0,0,0,1,0,0,0,0,0,0,0,1,0,0,0,1,0,1,H,PG-13,2323,8,2303,30000000,13464745,22,123,
11516,38072,84185387,8,4,3,2,3,Yes,1,1,0,0,1,0,0,0,1,1,0,0,0,0,1,0,0,0,0,0,0,1,L,PG,3312,4.7,3312,0,29438331,20,93,
11542,38149,102001626,8,3,3,2,3,No,0,0,0,0,1,0,0,0,0,0,0,0,0,0,0,0,1,0,1,0,0,1,H,PG-13,3057,5.1,3057,90000000,21406781,14,93,
11559,37911,107071655,8,4,3,2,3,No,0,0,0,0,0,0,0,0,0,0,0,1,0,0,0,0,0,0,1,0,0,1,L,R,3018,6.1,3016,9200000,28094014,10,98,
11568,37883,95708457,8,4,3,2,3,No,1,0,0,0,0,0,0,0,0,1,0,0,0,0,0,0,0,0,1,0,0,1,L,R,0,6.8,2915,22000000,21753759,0,121,
11589,37750,104148781,8,3,3,2,3,Yes,0,0,0,0,1,0,0,0,1,0,0,0,0,0,0,0,0,0,0,0,0,1,M,PG,3472,5.4,3370,60000000,27623580,23,92,
11621,37946,100446895,8,4,2,4,4,No,0,1,0,0,1,0,0,0,1,1,0,0,0,0,0,0,0,0,0,0,0,1,H,PG,3464,3.4,3464,109000000,38329160,9,82,
11657,37722,133756285,8,3,3,2,4,Yes,0,0,0,0,1,0,0,0,0,0,0,0,0,0,0,0,0,0,0,0,0,0,L,PG-13,3656,6.1,3551,75000000,42220847,10,106,
11669,37673,86941509,8,3,3,2,3,No,0,0,0,0,1,0,0,0,0,0,0,0,0,0,0,0,0,0,0,0,0,0,L,R,2742,7,2689,24000000,17453216,10,91,
11690,37568,116724075,8,3,3,2,3,Yes,0,0,0,0,0,0,0,1,0,0,0,0,1,0,0,0,0,0,0,0,0,1,H,R,2585,6.7,2470,41000000,51240555,18,110,
11743,37692,76583333,8,3,3,2,3,Yes,0,0,0,0,1,0,0,1,0,0,0,0,0,0,0,1,0,1,0,0,0,1,L,PG-13,1002,6.9,0,0,0,32,112,
11752,37701,75715436,8,4,3,4,3,No,0,0,0,0,0,0,0,1,0,0,0,1,0,0,0,0,1,0,1,0,0,1,L,R,2945,5.3,2945,68000000,15027423,9,136,
11773,37274,81150692,8,4,2,2,2,No,0,1,0,0,1,0,0,0,1,0,0,0,0,0,0,0,0,1,0,0,0,1,L,PG,2454,4.9,2302,35000000,23708174,21,99,
11807,37393,84600000,8,3,3,2,3,No,0,0,0,0,1,0,0,1,0,0,0,0,0,0,0,1,0,0,0,0,0,1,M,PG-13,1756,7.3,0,27000000,0,9,101,
11843,37323,123729176,8,4,3,3,3,No,1,1,0,0,0,0,0,0,0,0,0,0,0,0,0,0,1,0,0,0,0,1,L,PG-13,2958,5.7,2944,80000000,22610437,11,96,
11876,37274,108638745,8,4,4,4,3,No,1,0,0,0,0,0,0,1,0,0,1,0,0,0,0,0,0,0,0,1,0,1,L,R,3143,7.7,4,92000000,274347,16,144,
11877,37092,138191428,8,3,4,3,4,Yes,0,0,0,0,1,0,0,0,0,0,0,0,0,0,0,1,0,0,0,0,0,1,M,PG-13,3011,5.7,3011,48000000,30181877,14,102,
11905,37421,121468960,8,4,3,2,4,No,1,0,0,0,0,0,0,0,0,0,0,0,0,0,1,0,0,0,1,0,0,1,H,PG-13,2663,7.8,2638,60000000,27118640,21,119,
11916,37841,116643346,8,4,2,3,3,No,1,0,0,0,0,1,0,0,0,0,0,0,0,0,0,0,0,0,1,0,0,1,L,PG-13,3220,5.9,3202,70000000,37062535,13,117,
11948,37386,122000000,8,3,2,3,3,No,0,0,0,0,0,0,0,1,0,0,0,0,0,0,0,1,0,0,1,0,0,1,M,R,2624,6.6,2613,50000000,14065277,14,124,
11951,37085,95001351,8,3,3,2,3,No,0,0,0,0,1,0,0,0,0,0,0,0,0,0,0,0,0,0,0,0,0,0,M,PG-13,2725,6.2,2620,18000000,20377426,15,96,
11997,37456,99800000,8,5,3,2,3,No,0,1,0,0,1,0,0,0,1,1,0,0,0,0,0,0,0,0,0,0,0,1,M,PG,3282,5.6,3255,120000000,15115152,21,0,
12088,36847,96085477,8,4,2,2,3,Yes,1,0,0,0,0,0,0,0,0,0,0,0,0,0,0,0,1,0,1,0,0,1,H,PG-13,2516,5.8,2516,82000000,13020883,9,123,
12130,36903,91057006,8,3,2,2,3,No,0,0,0,0,0,0,0,1,0,0,0,0,1,0,0,1,0,0,0,0,0,1,L,PG-13,2570,5.9,2230,13000000,27526443,25,112,
12240,37820,138396624,8,4,4,4,4,No,1,0,0,0,1,1,0,0,0,0,0,0,0,0,0,0,0,0,1,0,0,1,M,R,3202,6.2,3186,130000000,46522560,13,147,
10012,40466,18329466,5,3,3,2,3,No,0,1,0,1,0,0,0,1,0,0,0,0,0,0,0,0,0,0,1,0,0,1,L,R,916,8,11,18000000,264851,22,107,
10035,40445,25677801,5,3,3,3,2,Yes,0,0,0,0,1,0,0,0,0,0,0,0,0,0,0,1,0,0,0,0,0,1,L,PG,2548,5.4,2458,0,8407513,12,105,
10072,40249,20246959,5,2,2,2,2,No,0,0,0,0,1,0,0,0,0,0,0,0,0,0,0,1,0,0,0,0,0,1,L,PG-13,1609,3.8,1605,0,7629862,14,0,
10088,40193,24268828,5,3,2,2,2,No,1,0,0,0,1,0,0,0,1,0,0,0,0,0,0,0,0,0,0,0,0,1,L,PG,2924,5.2,2924,0,12877043,6,94,
10109,40109,27445118,5,5,2,3,2,Yes,0,0,0,0,0,0,0,0,0,0,0,1,0,0,1,0,0,0,1,0,0,1,L,R,3036,6.1,3036,11000000,14118444,3,90,
10124,40123,25464480,5,4,2,3,2,No,0,0,0,0,0,0,0,0,0,0,0,0,0,0,1,0,1,0,1,0,0,1,H,PG-13,2530,5.9,2527,10000000,12231160,8,98,
10126,40186,25893485,5,3,2,1,2,Yes,0,0,0,0,1,0,0,0,0,0,0,0,0,0,0,1,0,0,0,0,0,1,L,PG,2512,6,2511,19000000,9202815,7,100,
10129,40438,25077977,5,4,2,2,2,No,0,1,1,0,1,0,0,0,1,0,0,0,0,0,0,1,0,0,0,0,0,1,L,PG,2625,4.7,2625,20000000,9106906,11,88,
10248,39906,16025394,5,3,3,2,2,Yes,0,0,0,0,1,0,0,1,0,0,0,0,0,0,0,1,0,0,0,0,0,1,L,R,1876,7.1,1862,0,5722039,8,0,
10315,40081,22452209,5,3,2,3,2,No,0,0,0,0,1,0,0,1,1,0,0,0,0,1,0,1,0,0,0,0,0,1,L,PG,3133,4.6,3096,18000000,10011682,8,107,
10337,39687,23530831,5,2,2,3,3,No,0,0,0,0,0,1,0,1,0,0,0,0,0,0,0,0,0,0,1,0,0,1,L,PG-13,2108,7.1,2054,22000000,10006327,12,114,
10356,39514,16051363,5,3,2,2,3,No,0,0,0,0,1,0,0,0,0,0,0,0,0,0,0,1,0,0,0,0,0,1,L,PG-13,539,7,535,0,2490942,11,92,
10365,39542,17427926,5,4,2,3,2,No,0,0,0,0,0,0,0,0,0,0,0,1,0,0,0,0,0,0,1,0,0,1,L,R,2814,6,2812,8000000,8003241,11,90,
10449,39899,16174377,5,2,2,2,3,Yes,0,0,0,0,1,0,0,1,0,0,0,0,0,0,0,0,0,0,0,0,0,1,L,R,642,7,4,8000000,219190,17,91,
10485,39807,19781879,5,4,2,2,3,No,1,0,0,0,0,1,0,0,0,1,0,0,0,0,0,0,0,0,1,0,0,1,M,PG-13,2509,4.9,2509,0,6463278,4,103,
10559,39213,18882880,5,2,3,2,3,Yes,0,0,0,0,1,0,0,1,0,0,0,0,0,0,0,1,0,0,0,0,0,1,M,R,2531,5.8,0,20000000,0,6,113,
10580,39976,16088610,5,4,2,4,3,Yes,0,0,0,0,1,0,0,1,1,1,0,0,0,0,0,0,0,0,0,0,0,1,H,PG,3011,5.4,0,55000000,0,9,107,
10598,39164,21460590,5,4,2,2,2,No,0,1,0,0,0,0,0,1,1,1,0,0,0,0,0,0,1,0,0,0,0,1,L,PG,3017,6.4,0,0,0,8,90,
10635,39675,23213577,5,2,3,3,3,Yes,0,0,0,0,0,0,0,1,0,0,0,0,0,0,0,1,0,0,0,0,0,1,L,PG-13,726,7.3,692,15500000,3755575,26,96,
10639,40382,26161406,5,3,2,3,2,No,0,1,0,0,1,0,0,0,1,1,0,0,0,0,0,0,0,0,0,0,0,1,M,G,2719,6.5,2719,0,7810481,15,103,
10727,39227,19067631,5,1,2,2,2,Yes,0,0,0,0,1,0,0,1,0,0,0,0,0,0,0,1,0,0,0,0,0,1,M,PG-13,707,7.2,4,2000000,92034,23,108,
10751,38807,21160089,5,2,2,2,2,No,0,0,0,0,1,1,0,1,0,0,0,0,1,0,0,1,0,0,0,0,0,1,L,PG-13,1602,5.1,0,0,11554404,7,105,
10762,40410,25003155,5,5,3,3,3,Yes,0,0,0,0,1,0,0,0,0,0,0,1,0,0,0,0,0,0,1,0,0,1,L,R,2491,6,2470,24000000,10106872,14,88,
10776,39178,25031037,5,4,3,3,3,No,1,0,0,0,0,0,0,0,0,0,0,1,0,0,0,0,0,0,1,0,0,1,L,R,2629,7.9,0,53000000,0,9,191,
10799,39185,23705592,5,3,2,2,3,No,0,0,0,0,0,1,0,1,0,0,0,0,0,0,1,0,0,0,1,0,0,1,L,R,2661,5.5,0,0,11500000,5,109,
10829,39136,27213386,5,3,3,2,2,Yes,0,0,0,1,0,0,0,1,0,0,1,0,0,0,0,1,0,0,0,0,0,1,L,PG,1162,7.5,791,0,4054542,12,117,
10870,39101,26522838,5,3,2,2,3,No,0,0,0,0,0,0,0,1,0,0,0,0,0,0,0,1,0,0,0,0,0,1,L,PG-13,287,7.5,0,19400000,71814,15,125,
10900,38800,23086480,5,3,2,3,2,Yes,0,0,0,0,0,0,0,0,0,0,0,1,0,0,0,0,0,0,1,0,0,1,L,PG-13,2009,4.6,2009,9000000,10726406,14,85,
10944,40142,20999103,5,4,3,2,3,No,0,1,1,0,1,0,0,0,1,0,0,0,0,0,0,0,0,0,0,0,0,1,H,PG,2034,7.9,0,40000000,265900,18,87,
10972,38821,24792061,5,2,3,2,3,No,0,0,0,0,1,0,0,1,0,0,0,0,0,0,0,0,0,0,0,0,0,1,L,R,1020,7.8,5,6500000,262923,26,92,
10982,39535,25871834,5,4,3,2,2,Yes,1,0,0,0,1,0,0,0,0,1,0,0,0,0,0,0,1,0,1,0,0,1,L,PG-13,2965,4.4,2960,35000000,9510297,17,75,
11018,38877,20342852,5,2,3,3,3,No,0,0,0,0,1,0,0,1,0,0,0,0,1,0,0,0,0,0,0,0,0,1,H,PG-13,767,6.9,0,10000000,4566293,18,105,
11025,38646,28031250,5,4,2,4,3,No,1,1,0,0,0,0,0,0,0,0,0,1,0,0,0,0,1,0,1,0,0,1,L,R,3043,5.1,3043,60000000,15488870,6,100,
11043,38737,23089926,5,2,2,2,3,Yes,0,0,0,0,0,1,0,1,0,0,0,0,0,0,0,1,0,1,1,0,0,1,L,R,512,7.8,0,15000000,0,12,124,
11111,38618,17378977,5,2,3,2,2,Yes,0,0,0,0,1,0,0,1,0,0,0,0,1,0,0,1,0,0,0,0,0,1,L,PG-13,1661,5.4,1625,0,7570366,15,112,
11117,38688,25857987,5,4,2,2,3,Yes,1,1,0,0,0,0,0,0,0,0,0,0,0,0,0,0,1,0,0,0,0,1,M,PG-13,852,5.4,0,62000000,12661112,10,93,
11164,38646,18324242,5,3,2,2,3,No,0,0,0,0,0,0,0,1,0,0,0,0,0,0,0,0,0,0,0,0,0,0,L,R,2555,7.2,2555,35000000,6422455,11,126,
11166,38555,19390029,5,3,3,3,2,Yes,0,0,0,0,0,1,0,0,0,0,0,1,0,0,0,0,0,0,1,0,0,1,M,R,1757,6.9,1757,7000000,7067335,5,107,
11196,38303,24741977,5,4,2,2,2,Yes,0,0,0,0,1,0,0,0,0,0,0,1,0,0,0,0,0,0,1,0,0,1,H,R,2062,5.1,2059,12000000,8774520,6,87,
11220,38653,19039770,5,3,4,3,3,Yes,0,0,0,0,1,0,0,1,0,0,0,0,0,0,0,0,0,0,0,0,0,1,L,R,1510,6.9,1510,22000000,4248465,8,102,
11326,38639,26838389,5,3,3,3,3,Yes,0,0,0,0,1,0,0,1,0,0,0,0,0,0,0,1,0,0,0,0,0,1,L,PG-13,2517,6.4,2517,57000000,10618711,10,123,
11334,38576,22264487,5,3,2,2,3,No,0,0,0,0,1,0,0,0,0,0,0,0,0,0,0,0,0,0,0,0,0,0,L,R,3127,4.3,3127,22000000,9626287,8,83,
11345,38198,18225165,5,3,2,2,3,Yes,0,1,0,0,1,0,0,0,0,0,0,0,0,0,0,0,0,0,0,0,0,1,M,R,2163,7.2,2135,9000000,5480378,7,88,
11392,38583,19447478,5,4,2,2,2,No,0,1,1,0,1,0,0,0,1,0,0,0,0,0,0,0,0,0,0,1,0,1,L,G,2016,5.6,0,35000000,0,12,76,
11419,38037,17718223,5,3,2,2,2,Yes,0,1,0,0,1,0,0,0,0,0,0,0,0,0,0,0,0,0,0,0,0,1,L,R,2544,6.5,2512,25000000,6711384,6,93,
11480,37951,27011180,5,3,3,2,3,No,0,1,0,0,0,0,0,0,0,0,0,0,0,0,0,0,0,0,1,0,1,1,H,R,2756,6.4,2756,60000000,10833633,11,137,
11492,38079,28165882,5,3,2,2,2,No,0,0,0,0,1,0,0,0,0,0,0,0,0,0,0,1,0,0,0,0,0,1,L,PG,2711,5.6,2682,0,9406378,12,111,
11498,38009,20866170,5,2,3,2,3,Yes,0,0,0,0,1,0,0,0,0,0,0,0,0,0,0,1,0,0,0,0,0,1,L,PG-13,2808,5.7,0,24000000,0,6,95,
11522,38471,25607347,5,4,3,3,3,Yes,1,1,0,0,0,1,0,0,0,0,0,0,0,0,0,0,0,0,1,0,0,1,L,PG-13,3480,4.1,3480,87000000,12712272,4,101,
11557,37869,22734486,5,3,2,2,2,Yes,0,0,0,0,1,0,0,0,0,0,0,0,0,0,0,0,0,0,0,0,0,0,L,PG-13,2083,5.5,2026,17000000,6660540,12,98,
11601,37981,16248701,5,2,3,3,3,Yes,0,0,0,0,0,1,0,1,0,0,0,0,0,0,0,0,0,0,1,0,0,1,M,R,411,7.9,8,20000000,274454,17,124,
11604,38044,25195050,5,3,3,2,3,Yes,0,0,0,0,0,1,0,1,0,0,0,0,0,0,1,0,0,0,1,0,0,1,L,R,2704,4.9,2703,50000000,8904299,12,97,
11607,37764,20440627,5,3,2,2,3,Yes,1,0,0,0,1,0,0,0,0,0,0,0,0,0,0,0,0,0,1,0,0,1,M,PG-13,2652,5.6,2652,0,9222334,10,98,
11630,37750,17508936,5,3,2,2,1,Yes,0,0,0,0,1,0,0,0,0,0,0,0,1,0,0,0,0,0,0,0,0,1,M,PG-13,770,7.2,133,0,2112140,15,91,
11634,37757,20298207,5,1,2,2,3,Yes,0,0,0,0,1,0,0,0,0,0,0,0,0,0,0,1,0,0,0,0,0,1,M,PG-13,2123,6.3,1,0,45029,12,101,
11678,38072,25266129,5,2,2,2,2,Yes,0,0,0,0,1,0,0,1,0,0,0,0,0,0,0,1,0,0,0,0,0,1,L,PG-13,1821,6.2,1520,35000000,8319171,11,102,
11695,38485,23658061,5,4,2,2,2,No,0,0,0,0,0,1,0,0,0,0,0,0,0,0,1,0,0,0,1,0,0,1,M,R,1073,6.2,0,27000000,0,11,106,
11716,37540,25296447,5,4,3,3,3,Yes,1,0,0,0,0,1,0,0,0,0,0,0,0,0,0,0,0,0,1,0,0,1,L,PG-13,2610,6.6,2573,21000000,9107816,15,92,
11732,37673,19593740,5,2,1,1,3,Yes,0,0,0,0,0,1,0,1,0,0,0,0,0,0,0,0,0,0,1,0,0,1,L,R,2003,7.3,2002,50000000,7117225,6,130,
11767,37505,28563926,5,2,2,2,2,Yes,0,0,0,0,0,0,0,1,0,0,0,0,0,0,0,0,0,0,1,0,0,1,L,PG-13,2860,4.7,2856,8500000,11326601,13,85,
11770,37372,16873000,5,3,1,2,3,No,0,0,0,0,1,0,0,0,0,0,0,0,0,0,0,1,0,0,0,0,0,1,L,PG-13,2607,5.7,2604,0,6219234,10,103,
11824,37561,24665649,5,3,3,3,3,Yes,0,0,0,0,1,0,0,1,0,0,0,0,0,0,0,1,0,0,0,0,0,1,H,R,1293,7.4,5,25000000,367203,10,95,
11839,37141,22235901,5,3,2,3,2,Yes,0,0,0,0,1,0,0,0,0,0,0,0,0,0,0,1,0,0,0,0,0,1,L,R,1308,5.6,1297,6000000,7720942,8,90,
11893,37491,20146150,5,2,2,3,2,Yes,0,0,0,0,1,0,0,0,0,0,0,0,0,0,0,1,0,0,0,0,0,1,L,PG-13,2174,5,2154,29000000,5758236,15,0,
11913,38408,19297522,5,4,2,2,2,Yes,0,0,0,0,1,0,0,0,0,1,0,1,0,0,0,0,0,0,1,0,0,1,L,PG-13,2805,4.8,2805,35000000,9633085,11,97,
11931,37216,16515735,5,3,1,3,1,Yes,0,0,0,0,1,0,0,0,0,0,0,0,0,0,0,0,0,1,0,0,0,1,H,PG-13,2011,5.9,2011,11000000,4531665,13,89,
11938,37162,24185781,5,3,2,4,3,No,0,0,0,0,0,0,0,1,0,0,0,0,0,0,1,0,0,0,1,0,0,1,L,PG-13,2010,6.8,1751,31000000,9021494,10,101,
11942,37722,16829545,5,4,2,2,2,Yes,0,0,0,0,0,0,0,0,0,0,0,1,0,0,0,0,0,0,0,0,0,0,L,R,847,5.6,595,7000000,3460666,12,89,
11970,37295,25852764,5,3,3,2,2,No,1,0,0,0,0,0,0,0,0,0,0,0,0,0,0,0,1,1,0,0,0,1,L,PG-13,2762,2.8,2762,70000000,9013548,10,98,
11979,36992,23247539,5,2,2,2,2,No,0,0,0,0,1,0,0,1,1,0,0,0,0,0,0,0,0,0,0,0,0,1,L,PG,1111,5.2,1111,7000000,7562284,19,94,
11983,37727,23020488,5,4,2,3,3,Yes,1,1,0,0,1,0,0,0,0,0,0,0,0,0,0,0,0,0,0,0,0,1,L,PG-13,2955,5.2,2955,52000000,8653542,6,104,
12022,36931,19351569,5,3,3,4,3,Yes,0,0,0,0,1,1,0,0,0,0,0,0,0,0,0,1,0,0,0,0,0,1,L,PG-13,2467,5.7,2467,22000000,7411852,7,90,
12032,36980,28008462,5,3,2,2,3,No,0,0,0,0,0,0,0,1,0,0,0,0,0,0,0,0,0,0,1,0,0,1,L,R,441,6.1,199,18000000,1837068,15,109,
12046,36938,25178165,5,3,3,2,3,No,0,0,0,0,0,0,0,1,0,0,0,0,0,0,0,1,0,0,0,0,0,1,L,PG-13,2268,6.1,2268,40000000,11015226,10,119,
12079,36903,17833000,5,3,2,2,2,Yes,0,0,0,0,0,0,0,1,0,0,0,0,0,0,0,0,0,0,1,0,0,1,L,PG-13,2433,6,2433,30000000,5486209,4,109,
12158,36637,27441122,5,2,2,3,2,Yes,0,0,0,0,0,0,0,1,0,0,0,0,0,0,0,1,0,1,0,0,0,1,L,PG-13,1245,6.8,1237,15000000,8139180,17,124,
12196,36546,20035310,5,2,1,1,2,Yes,0,0,0,0,1,0,0,1,0,0,0,0,0,0,0,1,0,0,0,0,0,1,L,PG-13,2003,4.5,1971,9000000,7602507,12,91,
12204,36581,19389454,5,3,3,2,3,No,0,0,0,0,1,0,0,1,0,0,0,0,0,0,0,0,0,0,0,0,0,1,L,R,1509,7.5,1253,35000000,5808919,25,107,
12241,36777,25167270,5,3,3,3,3,No,0,0,0,0,1,1,0,0,0,0,0,0,0,0,0,1,0,0,1,0,0,1,L,R,1491,6.4,0,24000000,0,15,110,
12316,36707,26000610,5,4,2,2,2,Yes,0,1,1,0,1,0,0,0,1,1,0,0,0,0,0,0,0,0,0,0,0,1,H,PG,2482,4.1,2460,76000000,6814270,14,0,
10055,40460,7455447,4,2,3,2,3,Yes,0,0,0,0,1,0,0,1,0,0,0,0,0,0,0,1,0,0,0,0,0,1,L,R,454,6.5,4,7000000,181716,17,91,
10110,40067,11915856,4,4,2,2,2,No,0,0,0,0,0,0,0,0,0,0,0,1,0,0,0,0,0,0,1,0,0,1,L,R,2665,5,2665,16000000,5059802,6,101,
10142,40389,9171777,4,1,1,1,3,No,0,0,0,0,0,0,0,1,0,0,0,0,0,0,1,0,0,0,0,0,0,1,M,PG-13,570,7.2,4,7500000,88182,28,0,
10165,39990,9451946,4,2,3,2,1,Yes,0,0,0,0,1,0,0,1,0,0,0,0,0,0,0,1,0,0,0,0,0,1,H,R,506,7.2,4,17000000,130411,10,98,
10210,40109,14241034,4,3,3,3,3,No,0,1,0,1,0,0,0,1,0,0,0,0,0,0,0,1,0,0,0,0,0,1,L,PG,1030,5.7,818,40000000,3904047,10,111,
10230,39759,12081447,4,2,3,2,2,Yes,0,0,0,0,1,0,0,1,0,0,0,0,1,0,0,0,0,0,0,0,0,1,H,R,2048,6.4,2044,0,5401605,13,100,
10246,40039,15102127,4,3,2,3,2,Yes,0,0,0,0,1,0,0,0,0,0,0,0,0,0,0,0,0,0,0,0,0,0,L,R,1838,5.8,1838,0,5642137,6,89,
10282,39829,14879423,4,2,2,2,2,Yes,0,0,0,0,0,0,0,1,0,0,0,0,0,0,0,1,0,0,0,0,0,1,L,PG-13,1108,6.8,6,0,97260,17,93,
10287,39752,13350177,4,4,2,2,2,Yes,0,0,0,0,0,0,0,1,0,0,0,1,0,0,0,0,0,0,1,0,0,1,L,PG-13,2652,3.7,2652,5000000,5423315,5,82,
10288,39787,8195551,4,1,2,2,2,Yes,0,0,0,1,0,0,0,1,0,0,1,0,1,0,0,1,0,0,0,0,0,1,M,R,701,6.7,687,12000000,3445559,5,109,
10299,40004,14793904,4,2,3,2,2,No,0,0,0,0,1,0,0,0,0,0,0,0,0,0,0,0,0,0,0,0,0,0,M,PG-13,1872,5.2,1858,18000000,4919433,11,102,
10329,39710,13214030,4,3,3,3,3,Yes,0,0,0,0,1,0,0,0,0,1,0,0,0,0,0,1,0,0,0,0,0,1,L,PG-13,1512,7,1505,20000000,5012315,7,102,
10400,39780,9030581,4,2,2,2,2,No,0,0,0,0,0,0,0,1,0,0,0,0,0,0,0,0,0,0,1,1,0,1,H,PG-13,679,7.8,0,12500000,253085,11,94,
10419,39871,8742261,4,5,2,2,2,Yes,1,0,0,0,0,1,0,0,0,1,0,0,0,0,0,0,0,0,1,0,0,1,L,PG-13,1164,3.8,1136,50000000,4721110,11,96,
10537,39297,9976716,4,4,3,3,2,No,0,0,0,0,1,0,0,0,1,0,0,0,1,0,0,0,0,0,0,0,0,1,L,PG,1509,2.7,1509,0,4208455,11,110,
10547,39213,8074933,4,1,1,1,1,Yes,1,1,0,0,1,0,0,0,0,0,0,0,0,0,0,0,0,0,0,0,0,1,M,PG-13,1931,3.2,0,0,0,4,90,
10549,39500,11169531,4,2,3,2,3,Yes,0,0,0,0,1,0,0,1,0,0,0,0,0,0,0,0,0,0,0,0,0,1,L,PG-13,810,6.5,808,20000000,4050655,10,102,
10581,39486,7757130,4,3,2,2,3,Yes,0,0,0,0,0,1,0,1,0,0,0,0,0,0,0,0,0,0,1,0,0,1,L,R,232,8.1,28,15000000,457227,17,107,
10590,39094,15291277,4,4,2,1,1,Yes,1,1,0,0,0,0,0,0,0,0,0,1,0,0,0,0,0,0,1,0,0,1,L,R,2444,4.4,2444,0,6792318,8,93,
10595,39157,12550605,4,2,2,1,2,No,0,0,0,0,1,0,0,1,0,0,0,0,0,0,0,1,0,0,0,0,0,1,L,R,1776,5.5,1776,0,5674802,7,94,
10654,39535,10911750,4,3,2,2,3,Yes,0,0,0,0,0,0,0,1,0,0,0,0,0,0,0,0,0,0,0,1,0,1,L,R,1305,6.5,1291,25000000,4555117,11,112,
10676,39360,8791738,4,4,2,2,2,No,0,1,0,0,0,0,0,1,0,1,0,0,0,0,0,0,0,0,1,0,0,1,L,PG,3173,4.7,3141,0,3745315,9,99,
10679,39521,10955425,4,4,3,2,2,Yes,1,0,0,0,0,0,0,0,0,0,0,0,0,0,0,0,1,0,1,0,0,1,L,R,1938,6,1936,30000000,4926565,4,105,
10684,39745,15709385,4,3,3,3,3,No,0,0,0,0,0,1,0,1,0,0,0,0,0,0,0,0,0,0,1,0,0,1,L,R,2585,6.7,2585,30000000,6262396,7,130,
10719,39458,12701880,4,4,2,2,2,Yes,0,1,1,0,1,0,0,0,1,0,0,0,0,0,0,0,0,0,0,0,0,1,L,G,1340,5,1337,0,4251320,8,85,
10743,39136,10996440,4,3,2,2,3,Yes,0,1,0,0,0,0,0,1,0,0,0,0,0,0,0,0,0,0,0,0,0,1,L,PG,2155,6.4,2155,13000000,4454319,6,104,
10796,38926,10515579,4,2,2,2,2,Yes,0,0,0,0,1,0,0,0,0,1,0,0,0,0,1,1,0,0,0,0,0,1,M,PG-13,541,6.8,538,4000000,3046924,9,96,
10827,38982,13082288,4,3,3,3,2,No,1,1,0,0,0,0,0,1,0,0,1,0,0,0,0,1,0,0,0,1,0,1,L,PG-13,2033,6.5,2033,60000000,6004219,13,140,
10850,40109,13698390,4,4,3,2,3,No,1,1,0,0,0,0,0,0,0,1,0,0,0,0,0,0,0,0,1,0,0,1,L,PG-13,3074,6.1,3074,40000000,6293205,3,109,
10854,39787,7948159,4,4,2,3,2,Yes,1,0,0,0,0,1,0,1,0,0,0,0,0,0,0,0,0,0,1,0,0,1,M,R,2508,6.1,2508,35000000,4271451,3,103,
10928,38975,11596143,4,4,3,2,2,No,0,0,0,0,1,0,0,1,0,0,0,0,0,0,0,1,0,0,0,0,0,1,L,R,1359,6.7,1357,20000000,4627989,6,115,
10970,38968,14415222,4,3,2,2,3,Yes,0,0,0,1,0,1,0,1,0,0,1,0,0,0,1,1,0,0,1,0,0,1,L,R,1551,6.6,1548,0,5926177,7,126,
10981,38679,10105281,4,3,2,2,2,No,0,0,0,0,1,1,0,0,0,0,0,0,1,0,0,1,0,0,0,0,0,1,H,PG-13,1608,2.3,0,0,4448491,4,95,
11022,39192,11043445,4,2,2,2,2,Yes,0,0,0,0,1,0,0,1,0,0,0,0,0,0,0,1,0,0,0,0,0,1,L,PG-13,2155,6.7,2155,10000000,4712341,9,97,
11037,38954,12549485,4,3,2,2,2,Yes,0,0,0,0,0,1,0,1,0,0,0,0,0,1,0,1,0,0,0,0,0,1,L,R,975,5.8,973,15000000,5745780,6,121,
11099,38926,7659918,4,4,3,3,3,No,0,0,1,0,0,1,0,1,0,0,0,0,0,0,0,0,1,0,0,0,0,1,M,R,263,7.1,0,8500000,391672,14,100,
11126,38679,8819059,4,3,3,2,3,No,0,0,0,0,1,1,0,1,0,0,0,0,0,0,0,0,0,0,1,0,0,1,H,R,1552,6.2,0,16000000,3740799,3,92,
11229,38940,11631245,4,3,2,2,2,No,1,1,0,0,0,0,0,0,1,0,0,0,0,0,0,0,1,0,0,0,0,1,L,PG,2501,3.6,0,35000000,4510408,6,83,
11248,38233,11540112,4,2,2,2,2,No,0,0,0,0,1,0,0,0,0,0,0,0,0,0,0,0,0,0,0,0,0,0,L,PG-13,1303,3.4,1303,0,6219794,6,97,
11280,38296,13395939,4,2,2,2,3,No,0,0,0,0,1,0,0,1,0,0,0,0,0,0,0,0,0,0,0,0,0,1,H,R,2215,6.1,0,60000000,0,10,103,
11292,38646,15569469,4,3,3,2,3,No,1,0,0,0,1,1,0,0,0,0,0,0,0,0,1,0,0,0,1,0,0,1,L,R,226,7.8,0,15000000,0,11,103,
11350,40067,12201122,4,4,2,2,3,No,1,0,0,0,0,1,0,0,0,0,0,0,0,0,1,0,0,0,1,0,0,1,L,R,2745,5.3,2745,35000000,4915104,10,101,
11368,38350,8010814,4,3,3,2,2,Yes,0,0,0,1,0,0,0,1,0,0,0,0,1,1,0,0,0,0,0,0,0,1,M,PG-13,383,6.6,0,23000000,0,10,118,
11372,40123,15045676,4,4,2,2,3,No,0,0,0,0,0,0,0,1,0,0,0,0,0,0,1,0,1,0,1,0,0,1,H,PG-13,2635,5.8,2635,16000000,7571417,7,115,
11383,38268,10411980,4,3,2,2,2,No,0,0,0,0,0,0,0,0,1,0,0,0,1,0,0,1,0,0,0,0,0,1,L,PG,2521,5.2,2521,15000000,4022693,7,103,
11396,37995,12189514,4,3,2,2,1,Yes,0,0,0,0,1,0,0,0,0,0,0,0,0,0,0,1,0,0,0,0,0,1,L,PG-13,2400,5.8,2400,23000000,6081483,8,111,
11421,38506,11008432,4,2,3,2,3,Yes,0,0,0,1,0,0,0,1,0,0,0,0,0,0,0,0,0,1,0,0,0,1,H,PG-13,1865,6.9,1865,25000000,5623373,4,107,
11437,38765,12512886,4,3,3,2,3,No,0,0,0,0,0,1,0,1,0,0,0,0,0,0,1,0,0,0,1,0,0,1,L,R,2361,5,2361,0,6707111,4,113,
11464,38275,7739049,4,3,2,2,3,No,0,0,0,0,1,0,0,1,0,0,0,0,0,0,0,1,0,0,0,0,0,1,L,R,328,7.1,8,18000000,101126,25,104,
11502,38107,14379751,4,2,2,2,3,Yes,0,0,0,0,0,0,0,1,0,0,0,1,0,0,0,0,1,0,1,0,0,1,L,PG-13,2323,4.7,2323,25000000,6800617,9,102,
11546,38576,10166502,4,3,3,2,1,No,1,0,0,0,0,0,0,1,0,0,0,0,0,0,0,0,0,0,0,1,0,1,L,R,920,6.8,819,70000000,3376009,10,132,
11572,37820,14108518,4,3,2,3,1,No,0,0,0,0,1,0,0,1,0,0,0,0,0,0,0,1,0,0,0,0,0,1,M,PG-13,2319,5.4,2319,16000000,5809960,4,0,
11580,37951,8243880,4,3,2,2,2,Yes,0,0,0,0,0,0,0,1,0,0,0,0,0,0,0,1,0,0,0,0,0,1,H,R,408,7,11,3200000,128973,16,101,
11641,37519,14294842,4,4,2,2,2,Yes,1,0,0,0,0,0,0,0,0,0,0,0,0,0,0,0,0,0,1,0,0,1,L,R,2705,3.5,2705,70000000,7010474,9,91,
11659,37869,7659747,4,4,2,2,2,Yes,1,0,0,0,0,0,0,0,0,0,0,0,0,0,1,0,0,0,1,0,0,1,L,R,1975,4.9,1975,38000000,4438899,8,102,
11672,37274,10219506,4,2,2,2,1,Yes,1,0,0,0,0,1,0,1,0,0,0,0,0,0,0,0,0,0,0,0,0,1,L,R,75,3.1,61,0,555754,11,88,
11709,37498,13208023,4,4,2,1,1,No,0,0,0,0,0,1,0,0,0,0,0,1,0,0,0,0,0,0,1,0,0,1,L,R,2550,3.2,2550,42000000,7087457,9,101,
11721,37540,11805917,4,3,2,2,1,No,0,0,0,0,1,0,0,1,0,0,0,0,0,0,0,1,0,0,0,0,0,1,L,R,1437,6.7,1437,4000000,2532410,6,110,
11793,37475,14015786,4,2,1,2,3,Yes,0,0,0,0,1,0,0,1,0,0,0,0,0,0,0,1,0,0,0,0,0,1,L,R,688,6.7,4,5000000,151642,18,93,
11814,37519,9304609,4,2,2,2,2,No,0,0,0,0,1,0,0,1,0,0,0,0,0,0,0,1,0,0,0,0,0,1,L,R,149,7.1,11,4000000,182306,21,104,
11874,38086,14589444,4,3,2,2,2,No,0,0,0,0,1,0,0,1,0,0,0,0,0,0,0,1,0,0,0,0,0,1,L,R,2148,6.9,2148,0,6003806,14,108,
11881,37358,13103828,4,3,2,2,2,Yes,0,0,0,0,0,1,0,1,0,0,0,0,0,0,0,0,0,0,1,0,0,1,L,R,1497,7.3,1497,11000000,4208655,9,100,
11885,37701,15589458,4,3,1,2,2,Yes,0,0,0,0,1,0,0,0,0,0,0,0,0,0,0,1,0,0,0,0,0,1,L,PG-13,2508,5,2508,30000000,7009513,6,87,
11923,37484,10103647,4,3,2,2,2,No,0,0,0,0,0,0,0,1,0,0,0,0,0,0,1,1,0,0,0,0,0,1,L,PG-13,619,6.4,270,25000000,1575214,9,102,
11953,37111,8821782,4,3,2,2,2,No,0,0,0,0,0,1,0,1,0,0,0,0,0,0,1,0,0,0,1,0,0,1,L,R,412,6.7,6,3000000,141852,20,101,
11990,37008,8704851,4,3,1,1,2,Yes,0,0,0,0,0,0,0,0,0,0,0,1,0,0,0,0,0,0,1,0,0,1,L,R,1514,5.1,1514,5000000,3020159,5,90,
12034,36992,14252830,4,3,1,1,2,Yes,0,0,0,0,1,0,0,0,0,0,0,0,1,0,0,0,0,0,0,0,0,1,L,PG,2558,5.1,2556,22000000,4562455,6,98,
12041,36945,15738632,4,3,2,2,4,Yes,1,0,0,0,1,1,0,0,0,0,0,0,0,0,0,0,0,0,1,0,0,1,L,R,2545,5.6,2545,42000000,7160521,8,125,
12093,36812,13592872,4,3,2,2,1,Yes,0,0,0,0,1,0,0,0,0,0,0,0,0,0,0,0,0,0,0,0,0,0,L,R,2043,4.8,2022,11000000,5426390,10,84,
12104,37540,11632420,4,3,2,3,3,Yes,0,0,0,0,1,1,0,1,0,0,0,0,0,0,0,0,0,0,1,0,0,1,L,R,1806,6,0,0,0,5,92,
12133,36733,15911333,4,4,2,1,2,Yes,0,0,0,0,0,0,0,0,1,1,0,0,0,0,0,0,0,0,0,0,0,1,M,G,2110,3,0,19000000,0,10,85,
12161,36586,9821335,4,2,2,2,1,Yes,0,0,0,0,1,0,0,0,0,0,0,0,0,0,0,0,0,0,0,0,0,0,L,R,678,3.3,678,6000000,3684704,14,82,
12179,36924,10397365,4,3,3,2,1,No,0,0,0,0,1,0,0,0,0,0,0,0,0,0,1,1,0,0,0,0,0,1,L,PG-13,2363,4.9,2338,14000000,4804595,5,86,
12180,36959,11560259,4,3,2,2,2,Yes,0,0,0,0,1,0,0,0,0,0,0,0,0,0,0,1,0,0,0,0,0,1,L,PG-13,1742,5.6,1742,10000000,4134977,6,87,
12210,36938,8596914,4,2,2,2,2,No,0,0,0,1,0,0,0,1,0,0,0,0,0,0,0,0,0,0,0,0,0,1,L,R,280,7.1,2,6000000,44244,24,122,
12303,37008,10364769,4,3,3,3,3,Yes,0,0,0,0,1,0,0,0,0,0,0,0,0,0,0,1,0,0,0,0,0,1,L,R,2222,4.4,2222,90000000,3029858,5,104,
10041,40534,170938575,9,3,4,4,4,No,0,1,0,0,0,0,0,1,0,0,0,0,0,0,0,0,0,0,0,0,1,1,M,PG-13,3464,8,4,38000000,24850000,17,91,
10049,40375,820186685,9,5,4,2,4,Yes,1,0,0,0,0,0,0,0,0,0,0,0,0,0,1,0,1,0,1,0,0,1,M,PG-13,3792,8.9,3792,160000000,62785337,24,148,
10066,40403,266159621,9,4,3,2,3,No,1,1,0,0,0,0,0,0,0,0,0,0,0,0,0,0,0,0,1,0,0,1,L,R,3398,6.7,3270,80000000,34825135,10,103,
10148,40130,166112167,9,5,5,2,3,Yes,1,1,0,0,0,0,0,1,0,0,0,0,0,0,0,0,1,0,1,0,0,1,H,PG-13,3444,5.9,3404,200000000,65237614,13,158,
10228,39829,146336178,9,3,3,2,3,Yes,1,0,0,0,1,1,0,0,0,0,0,0,0,0,0,0,0,0,0,0,0,1,L,PG,3206,5.3,3144,25000000,31832636,19,91,
10389,40360,224070000,9,5,4,3,2,Yes,1,1,0,0,0,0,0,0,1,1,0,0,0,0,0,0,0,0,0,0,0,1,M,PG,3203,4.5,3169,150000000,51804232,12,103,
10396,40501,294980434,9,5,4,2,4,No,0,1,0,0,0,0,0,1,0,1,0,0,0,0,1,0,0,0,0,0,0,1,H,PG-13,4125,7.8,4125,0,125017327,19,146,
10414,40319,238371987,9,4,2,2,4,Yes,1,1,1,0,1,0,0,0,1,1,0,0,0,0,0,0,0,0,0,0,0,1,M,PG,4386,6.6,4359,165000000,70838207,16,93,
10450,39661,401128639,9,5,3,3,4,No,1,1,0,0,0,0,0,0,0,1,0,0,0,0,0,0,0,0,1,0,0,1,L,PG-13,3778,5.1,3760,145000000,40457770,7,112,
10495,39807,244082376,9,3,3,3,3,No,0,0,0,0,1,0,0,1,1,0,0,0,0,0,0,1,0,0,0,0,0,1,M,PG,3505,7,3480,60000000,36367586,18,115,
10509,39801,168167691,9,3,3,2,5,Yes,0,0,0,0,0,0,0,1,0,0,0,0,0,0,0,0,0,0,0,0,0,0,M,PG-13,2758,7.6,2758,55000000,14851136,6,123,
10556,39647,602609487,9,4,3,2,3,No,0,0,0,0,1,0,0,0,0,0,0,0,0,1,0,1,0,0,0,0,0,1,M,PG-13,3194,6.5,0,52000000,27751240,14,108,
10636,39241,311312624,9,3,3,4,4,Yes,0,0,0,0,0,1,0,0,0,0,0,0,0,0,0,0,0,0,1,0,0,1,H,PG-13,3565,6.9,3565,85000000,36133403,14,122,
10664,39143,253625427,9,3,3,2,4,Yes,1,1,0,0,1,0,0,0,0,0,0,0,0,0,0,0,0,0,0,0,0,1,L,PG-13,3360,6,3,0,39699023,22,100,
10710,39073,574480841,9,5,4,2,4,No,1,1,0,0,1,0,0,0,1,1,0,0,0,0,0,0,0,0,0,0,0,1,M,PG,3768,6.4,0,110000000,42212651,23,108,
10744,39647,1001921825,9,5,4,3,4,No,1,0,0,0,0,1,0,1,0,0,0,0,0,0,0,0,0,0,1,0,0,1,M,PG-13,4366,8.9,4366,185000000,158411483,31,152,
10817,38884,140225000,9,4,3,3,2,No,0,0,0,0,1,0,0,0,1,0,0,0,0,0,0,0,0,0,0,0,0,1,H,PG,2981,4.8,2946,0,7288977,15,78,
10823,39066,304850102,9,3,3,3,5,Yes,0,0,0,1,0,0,0,1,0,0,0,0,0,0,0,0,0,0,0,0,0,1,M,PG-13,3169,7.8,2852,55000000,26541709,11,117,
10835,39043,180557550,9,4,4,4,4,Yes,1,0,0,0,0,0,0,0,0,0,0,0,0,0,0,0,1,0,1,0,0,1,H,PG-13,3108,7,3108,75000000,20574802,14,126,
10848,39521,154529187,9,4,2,2,4,No,0,1,1,0,1,0,0,0,1,0,0,0,0,0,0,0,0,0,0,0,0,1,L,G,3961,7.1,3954,85000000,45012998,24,86,
10861,39227,309404152,9,5,4,4,4,No,1,1,0,0,0,0,0,0,0,1,0,0,0,0,0,0,0,0,0,0,0,1,M,PG-13,4362,7,0,300000000,139802190,18,169,
10865,39066,249430327,9,4,2,2,2,No,1,1,0,0,0,0,0,0,1,1,0,0,0,0,0,0,0,0,0,0,0,1,M,PG,3020,5,3020,100000000,23239907,15,104,
10904,39297,227225045,9,4,4,3,3,No,1,0,0,0,0,0,0,0,0,0,0,0,0,0,1,0,0,0,1,0,0,1,L,PG-13,3701,8.2,3660,110000000,69283690,15,115,
10921,40347,635700000,9,5,3,2,4,No,0,1,1,0,1,0,0,0,1,1,0,0,0,0,0,0,0,0,0,0,0,1,H,G,4028,8.7,4028,200000000,110307189,24,103,
10956,38926,163777560,9,4,4,2,3,No,1,0,0,0,0,1,0,1,0,0,0,0,0,0,0,0,0,0,1,0,0,1,M,R,3026,6,3021,135000000,25723815,10,134,
10975,39283,202548575,9,4,4,2,3,No,0,0,0,0,1,0,0,0,0,0,0,0,0,1,0,1,0,0,0,0,0,1,M,PG,3121,7.1,3,75000000,27476745,15,117,
11051,38933,148213377,9,3,3,4,4,Yes,1,0,0,0,1,0,0,0,0,0,0,0,0,0,0,0,0,1,0,0,0,1,L,PG-13,3803,6.4,3803,73000000,47042215,11,108,
11073,39878,185258983,9,5,4,2,3,No,1,0,0,0,0,0,0,0,0,0,0,0,0,0,1,0,1,0,1,0,0,1,L,R,3611,7.7,3611,130000000,55214334,12,162,
11234,38856,217536138,9,4,3,2,3,No,0,0,0,0,0,0,0,0,0,0,0,0,0,0,1,0,0,0,1,0,0,1,M,PG-13,3757,6.4,3735,125000000,77073388,14,149,
11264,38429,143024542,9,4,2,4,3,No,0,0,0,0,0,0,0,1,0,0,0,1,0,0,1,0,0,0,1,0,0,1,L,PG-13,3341,5.1,3332,0,35065237,8,110,
11270,38863,234360014,9,5,3,3,4,Yes,1,1,0,0,0,0,0,0,0,0,0,0,0,0,0,0,1,0,1,0,0,1,M,PG-13,3714,6.9,0,210000000,122861157,18,104,
11332,39590,317011114,9,5,4,4,4,No,1,1,0,0,0,0,0,0,0,0,0,0,0,0,0,0,0,0,0,0,0,1,M,PG-13,4264,6.5,4260,185000000,126917373,20,122,
11346,39038,197992827,9,4,2,4,3,No,0,1,1,0,1,0,0,0,1,0,0,0,1,0,0,1,0,0,0,0,0,1,H,PG,3804,6.6,3804,100000000,41533432,22,108,
11378,38821,178262620,9,4,3,2,3,No,0,0,0,0,1,0,0,0,0,0,0,0,0,0,0,0,0,0,0,0,0,0,L,PG-13,3673,5,3602,45000000,40222875,16,83,
11404,38275,170128460,9,3,2,2,3,No,0,0,0,0,1,0,0,1,0,0,0,0,0,0,0,1,0,0,0,0,0,1,L,PG-13,2542,6,1772,50000000,11783467,19,106,
11439,37980,190212113,9,3,4,2,3,No,0,0,0,0,1,0,0,0,1,0,0,0,0,0,0,0,0,0,0,0,0,1,M,PG,3298,5.6,3298,40000000,27557647,22,98,
11442,37946,141591324,9,4,2,2,3,Yes,0,0,0,0,0,0,0,0,0,0,0,1,0,0,1,0,0,0,1,0,0,1,H,R,2382,5.7,2382,40000000,19288438,15,98,
11445,38896,391081192,9,4,3,3,3,No,1,1,0,0,0,0,0,0,0,1,0,0,0,0,0,0,1,0,0,0,0,1,H,PG-13,4065,6.5,4065,209000000,52535096,18,154,
11453,38184,347234916,9,4,3,3,5,No,1,0,0,0,0,0,0,0,0,0,0,0,0,0,1,0,1,0,1,0,0,1,M,PG-13,3494,7,3420,120000000,52179887,24,115,
11455,38030,196485100,9,3,4,2,4,Yes,0,0,0,0,1,0,0,0,0,0,0,0,0,0,0,1,0,0,0,0,0,1,L,PG-13,3612,6.8,3591,75000000,45107871,19,99,
11519,38674,895921036,9,5,4,2,4,No,0,1,0,0,0,0,0,0,1,1,0,0,0,0,1,0,0,0,0,0,0,1,H,PG-13,3858,7.6,3858,150000000,102335066,19,157,
11525,37827,148336445,9,3,3,4,3,No,0,0,0,0,0,0,0,1,0,0,1,0,0,0,0,0,0,1,0,0,0,1,M,PG-13,2573,7.4,1987,87000000,20854735,19,140,
11544,38856,336002996,9,4,2,3,3,No,0,1,1,0,1,0,0,0,1,0,0,0,0,0,0,0,0,0,0,0,0,1,M,PG,4059,7,4059,0,38457003,16,83,
11554,37960,456758981,9,3,3,4,4,No,1,1,0,0,0,0,0,1,0,0,1,0,0,0,0,0,0,0,0,1,0,1,M,R,2938,7.8,2908,140000000,24271354,16,154,
11555,37827,156505388,9,4,3,2,4,No,1,1,0,0,0,0,0,0,0,1,0,0,0,0,0,0,0,0,1,0,0,1,M,PG-13,3222,5.2,3222,90000000,21783641,16,117,
11566,37839,160846332,9,4,4,3,3,No,0,0,0,0,1,0,0,0,1,1,0,0,0,0,0,0,0,0,0,0,0,1,L,PG,3067,6.4,2954,26000000,22203007,22,97,
11569,38478,152000000,9,4,4,2,3,Yes,1,1,0,0,0,0,0,0,0,0,1,0,0,0,0,0,0,0,0,0,0,1,M,R,3219,7.1,3216,130000000,19635996,16,144,
11574,38135,186739919,9,4,4,4,3,No,1,1,0,0,0,0,0,1,0,0,0,0,0,0,0,0,1,0,1,0,0,1,M,PG-13,3444,6.3,3425,125000000,85807341,23,124,
11584,38842,395668139,9,4,4,2,4,No,1,1,0,0,0,0,0,0,0,0,0,0,0,0,0,0,0,0,1,0,0,1,M,PG-13,4059,6.8,4054,150000000,47743273,11,126,
11590,38877,461981126,9,5,5,3,4,No,0,1,1,0,1,0,0,0,1,0,0,0,0,0,0,0,0,1,0,0,0,1,H,G,3988,7.4,3985,120000000,60119509,19,117,
11612,37939,244931766,9,3,3,3,3,Yes,0,0,0,0,1,0,0,1,0,0,0,0,0,0,0,1,0,0,0,0,0,1,H,R,1706,7.8,0,0,0,14,135,
11663,38142,761300818,9,5,4,3,4,No,0,1,0,0,0,0,0,0,1,1,0,0,0,0,1,0,0,0,0,0,0,1,H,PG,3855,7.7,3855,130000000,93687367,22,141,
11680,37645,306776732,9,4,3,2,3,No,0,0,0,0,1,1,0,1,0,0,0,0,0,1,0,0,0,0,0,0,0,1,L,PG-13,2701,7.2,77,45000000,2074929,36,113,
11842,37260,170708996,9,3,3,4,4,No,0,0,0,1,0,0,0,1,0,0,0,0,0,0,0,0,0,0,0,0,0,1,L,PG-13,2250,8,524,60000000,2501096,23,135,
11846,37330,188600000,9,4,3,2,3,No,0,1,1,0,1,0,0,0,1,0,0,0,0,0,0,0,0,0,0,0,0,1,L,PG,3345,7.5,3316,59000000,46312454,25,81,
11854,37216,143049560,9,4,3,3,3,No,1,0,0,0,0,1,0,0,0,0,0,0,0,0,0,0,0,0,1,0,0,1,H,R,2770,6.9,2770,92000000,21689125,11,126,
11857,37904,178398138,9,4,4,3,3,No,1,0,0,0,0,1,0,0,0,0,0,0,0,0,0,0,0,0,1,0,0,1,L,R,3102,8.2,3102,55000000,22089322,31,111,
11858,37771,864625978,9,4,4,3,3,No,0,1,1,0,1,0,0,0,1,0,0,0,0,0,0,0,0,0,0,0,0,1,M,G,3425,8.2,3374,94000000,70251710,29,100,
11883,37615,351112395,9,3,4,2,4,No,0,0,0,1,0,1,0,1,0,0,0,0,0,0,0,0,0,0,0,0,0,1,M,PG-13,3225,7.8,3156,52000000,30082000,17,141,
11920,37526,180622424,9,3,3,2,3,No,0,0,0,0,1,0,0,0,0,0,0,0,0,0,0,1,0,0,0,0,0,1,L,PG-13,3313,5.8,3293,38000000,35648740,21,108,
11944,37659,177085826,9,3,3,2,3,No,0,0,0,0,1,0,0,0,0,0,0,0,0,0,0,1,0,0,0,0,0,1,L,PG-13,2923,6.1,2923,50000000,23774850,23,116,
11978,37582,431971116,9,4,3,3,3,Yes,1,1,0,0,0,0,0,0,0,0,0,0,0,0,0,0,0,0,1,0,0,1,H,PG-13,3377,6,3314,142000000,47072040,17,133,
12009,37211,976475550,9,5,4,2,4,No,0,1,0,0,0,0,0,0,1,1,0,0,0,0,1,0,0,0,0,0,0,1,H,PG,3672,7.2,3672,125000000,90294621,27,152,
12014,37232,450717150,9,3,3,4,4,No,0,0,0,0,0,1,0,0,0,0,0,0,0,0,0,0,0,0,1,0,0,1,M,PG-13,3075,7.6,3075,85000000,38107822,21,116,
12085,37610,190000000,9,4,4,2,4,No,0,0,0,0,0,1,0,1,0,0,1,0,0,0,0,0,0,0,0,0,0,1,M,R,2340,7.4,1504,97000000,9496870,17,167,
12095,37036,198539855,9,5,4,2,3,Yes,1,0,0,0,0,0,0,1,0,0,0,0,0,0,0,1,0,0,0,1,0,1,M,PG-13,3255,5.5,3214,140000000,75177654,28,183,
12116,37015,430000000,9,5,4,4,4,Yes,1,1,0,0,0,0,0,0,0,1,0,0,0,0,0,0,0,0,0,0,0,1,M,PG-13,3553,6.2,3401,98000000,68139035,22,130,
12123,36875,374111707,9,3,4,3,4,No,0,0,0,0,1,0,0,0,0,1,0,0,0,0,0,1,0,0,0,0,0,1,M,PG-13,3092,6.3,3012,70000000,33614543,25,127,
12145,37043,179213434,9,4,3,2,4,Yes,0,0,0,0,0,0,0,1,0,0,0,0,0,1,0,1,0,0,0,0,0,1,H,PG-13,2283,7.7,2,52500000,167540,49,127,
12163,37197,255870172,9,4,3,2,3,No,0,1,1,0,1,0,0,0,1,1,0,0,0,0,0,0,0,0,0,0,0,1,H,G,3649,8,3237,115000000,62577067,41,92,
12217,36896,207515725,9,3,3,2,3,No,0,0,0,0,0,1,0,1,0,0,0,0,0,0,0,0,0,0,1,0,0,1,L,R,1755,7.8,4,48000000,184725,28,147,
12239,36651,258264745,9,4,4,3,4,No,1,1,0,0,0,0,0,1,0,0,0,0,0,0,0,0,0,0,0,0,0,1,M,R,3188,8.4,2938,103000000,34819017,33,155,
12248,37608,920400000,9,5,4,4,4,No,1,1,0,0,0,0,0,0,1,1,0,0,0,0,0,0,0,0,0,0,0,1,M,PG-13,3622,8.7,0,94000000,0,33,179,
12261,36742,191200000,9,3,3,2,3,No,1,0,0,0,0,0,0,0,0,0,0,0,0,0,0,0,1,0,1,0,0,1,L,R,2956,5.5,2956,95000000,26414386,14,112,
12280,36833,264105545,9,4,3,3,3,No,1,1,0,0,1,1,0,0,0,0,0,0,0,0,0,0,0,0,1,0,0,1,H,PG-13,3037,5.5,3037,92000000,40128550,17,98,
12322,38491,414318300,9,5,5,5,3,Yes,1,1,0,0,0,0,0,0,0,1,0,0,0,0,0,0,1,0,0,0,0,1,M,PG-13,3661,7.8,3661,113000000,108435841,21,140,
12323,37392,338800000,9,5,5,5,3,No,1,1,0,0,0,0,0,0,0,1,0,0,0,0,0,0,1,0,0,0,0,1,M,PG,3161,6.8,3161,115000000,80027814,50,142,
12332,37244,870761744,9,5,4,4,4,No,1,1,0,0,0,0,0,0,1,1,0,0,0,0,0,0,0,0,0,0,0,1,M,PG-13,3381,8.8,3359,93000000,66114741,36,178,
10005,40302,56705,1,4,2,2,1,Yes,0,0,0,0,0,0,0,0,0,0,0,1,0,0,0,0,0,0,0,0,0,0,M,UR,10,7.8,10,0,13860,3,0,
10092,40046,219719,1,1,1,1,2,Yes,0,0,0,0,1,0,0,1,0,0,0,0,0,0,0,0,0,0,0,0,0,1,L,R,30,7,0,0,0,10,99,
10094,40095,168945,1,3,2,2,1,Yes,0,0,0,0,0,0,0,0,0,0,0,0,0,0,0,1,0,0,0,0,0,0,L,PG-13,6,5.9,0,0,0,4,0,
10121,40536,82582,1,2,1,1,1,Yes,0,0,0,0,1,0,0,0,0,0,0,0,0,0,0,0,0,0,0,0,0,0,M,PG-13,5,3.5,1,0,4042,6,90,
10127,39731,192042,1,3,1,2,1,Yes,0,0,0,1,0,0,0,1,0,0,0,0,0,0,0,0,0,0,0,0,0,1,L,PG,282,5.7,282,0,192042,1,0,
10187,40431,124720,1,3,2,2,2,Yes,0,0,0,0,0,0,0,1,0,0,0,0,0,0,0,1,0,0,0,0,0,1,L,PG,17,7,2,5000000,4584,7,92,
10204,40109,230600,1,3,2,1,1,Yes,0,0,0,0,1,0,0,1,0,0,0,0,1,0,0,0,0,0,0,0,0,1,L,R,25,6.1,3,0,18002,5,96,
10222,39906,104526,1,4,2,2,1,No,0,0,0,0,1,0,0,0,0,0,0,1,0,0,0,0,1,0,1,0,0,1,L,PG,40,5.7,40,0,43437,13,90,
10323,40340,98682,1,2,1,2,1,Yes,0,0,0,0,0,0,0,1,0,0,0,0,0,0,0,0,0,0,0,0,0,0,H,PG,5,5,4,0,11156,11,0,
10343,39717,183088,1,3,3,2,3,Yes,0,0,0,0,1,0,0,1,0,0,0,0,0,0,0,0,0,0,0,1,0,1,L,R,425,7.1,425,15000000,183088,1,0,
10388,39528,142666,1,3,3,2,1,Yes,0,0,0,0,0,0,0,1,0,0,0,0,0,0,0,1,0,1,0,0,0,1,L,R,10,7.7,1,0,3464,11,97,
10413,40067,67186,1,3,3,1,1,Yes,0,0,0,0,1,0,0,0,0,0,0,0,0,0,0,0,0,0,0,0,0,0,L,PG-13,4,5.9,2,0,8079,8,0,
10442,39717,81364,1,3,2,1,1,Yes,0,0,0,0,1,0,0,1,0,0,0,0,0,0,0,0,0,0,0,0,0,1,L,R,9,6.2,9,0,25933,5,97,
10479,39535,72348,1,1,1,2,1,Yes,0,0,0,0,1,0,0,0,0,0,0,0,0,0,0,1,0,0,0,0,0,1,L,UR,5,5.4,1,125000,12101,9,0,
10491,39444,267880,1,3,3,2,1,Yes,0,0,0,0,0,0,0,1,0,0,0,0,1,0,0,0,0,0,0,0,0,1,M,PG-13,19,6.7,4,5000000,13856,19,124,
10515,39325,62745,1,3,2,3,3,Yes,0,0,0,0,0,0,0,1,0,1,0,0,0,0,1,0,1,0,0,0,0,1,L,R,5,6.6,2,0,29172,5,100,
10525,40060,90820,1,4,2,3,2,Yes,0,0,0,0,0,0,0,1,0,0,0,1,0,0,0,0,0,0,1,0,0,1,L,PG-13,100,6.2,100,0,90820,1,84,
10542,39892,57955,1,3,2,2,1,No,0,0,0,0,1,0,0,0,0,0,0,0,0,0,0,0,0,0,0,0,0,0,L,UR,6,6,1,0,9413,8,0,
10577,39500,249905,1,4,1,2,1,Yes,0,0,0,0,0,0,0,0,0,0,0,1,0,0,0,0,1,0,1,0,0,1,L,R,160,6.2,160,50000,144836,4,103,
10586,40515,73857,1,3,2,2,1,Yes,0,0,0,0,0,0,0,1,0,0,0,0,0,0,0,1,0,0,0,0,0,1,M,R,9,5.8,4,0,13562,11,0,
10592,39423,50080,1,2,2,1,2,Yes,0,0,0,0,0,0,0,1,0,0,0,0,0,0,0,0,0,0,0,0,0,0,M,PG-13,7,6.8,4,2000000,13880,4,85,
10597,39913,80283,1,3,2,1,1,No,0,1,0,0,1,0,0,1,0,0,0,0,0,0,0,0,0,0,0,0,0,1,L,R,20,5.3,20,0,32783,5,95,
10600,39500,79436,1,1,1,1,1,No,0,0,0,0,0,0,0,1,0,0,0,0,0,0,0,0,0,0,1,0,0,1,L,PG-13,14,4.4,14,3600000,30000,3,0,
10605,39213,204331,1,3,2,2,2,No,1,0,0,0,0,0,0,1,0,0,0,0,0,0,0,0,0,0,0,1,0,1,M,R,44,5.6,0,12000000,25261,3,106,
10618,39507,87939,1,2,2,2,1,Yes,0,0,0,0,0,0,0,1,0,0,0,0,0,0,0,0,0,0,0,0,0,0,L,R,17,6.6,17,1800000,44370,2,120,
10642,39598,233637,1,3,2,2,2,Yes,0,0,0,0,1,0,0,0,0,0,0,0,0,0,0,0,0,0,0,0,0,0,M,R,25,6.4,4,0,36391,11,85,
10657,39752,173066,1,3,3,2,1,Yes,0,0,0,0,1,0,0,0,0,0,0,1,0,0,0,0,0,0,0,0,0,1,L,R,4,6.5,1,1500000,16432,7,86,
10695,39339,220234,1,2,2,1,1,Yes,0,0,0,0,1,0,0,0,0,0,0,0,0,0,0,0,0,0,0,0,0,0,L,R,20,6.3,7,3500000,36938,12,104,
10720,39568,165831,1,2,2,2,1,Yes,0,0,0,0,1,0,0,1,0,0,0,0,0,0,0,0,0,0,0,0,0,1,L,UR,8,6.1,1,9500000,16769,14,112,
10734,39906,53760,1,2,1,2,2,Yes,0,0,0,0,1,0,0,0,0,0,0,0,0,0,0,0,0,0,0,0,0,0,L,PG-13,11,5.9,11,2000000,32764,3,80,
10828,38744,145382,1,3,3,3,1,Yes,0,0,0,0,0,1,0,1,0,0,0,0,0,0,1,0,0,0,0,0,0,1,L,R,32,6.7,32,1600000,70664,3,73,
10872,39563,57180,1,3,2,2,1,Yes,0,0,0,0,0,0,0,1,0,0,0,0,0,0,0,0,0,0,0,0,0,0,L,PG-13,51,5.2,50,5000000,35281,2,0,
10918,38870,192467,1,3,3,2,1,Yes,0,0,0,0,1,0,0,1,0,0,0,0,0,0,0,1,0,0,0,0,0,1,H,R,7,6.4,7,15000,26029,15,85,
10939,39164,220151,1,3,1,2,1,No,0,0,0,0,0,0,0,1,0,0,0,0,0,0,0,0,0,0,0,0,0,0,L,UR,7,7,0,500000,0,14,88,
10966,38863,70071,1,3,2,2,1,Yes,0,0,0,0,0,0,0,0,0,0,0,0,0,0,0,0,0,0,1,0,0,0,M,UR,3,5.9,0,7000,16124,11,80,
10969,39542,114669,1,3,3,2,2,Yes,0,0,0,0,1,0,0,0,0,0,0,0,0,0,0,0,0,0,0,0,0,0,L,R,6,6,2,5400000,16454,3,104,
10983,39966,113132,1,3,2,1,1,Yes,0,0,0,0,0,0,0,0,0,0,0,1,1,0,0,0,1,0,0,0,0,1,H,UR,5,6.2,2,150000,3730,10,0,
11023,39395,176300,1,2,2,2,1,Yes,0,0,0,0,0,0,0,1,0,0,0,0,0,0,0,0,0,0,0,0,0,0,H,R,11,6.9,1,3000000,32407,4,114,
11026,39150,208565,1,2,2,2,1,Yes,0,0,0,0,0,0,0,1,0,0,0,0,0,0,0,0,0,1,0,0,0,1,L,PG,40,6.7,0,0,81569,3,131,
11041,38814,53609,1,2,2,2,1,No,0,0,0,0,1,0,0,0,0,0,0,0,0,0,0,0,0,0,0,0,0,0,L,PG-13,5,6.2,5,0,22074,4,0,
11050,39710,128092,1,3,2,2,2,Yes,0,0,0,0,0,0,0,1,0,0,0,0,1,0,0,0,0,0,0,0,0,1,L,R,11,6,11,3750000,13744,10,102,
11120,38751,206624,1,2,2,2,1,Yes,0,0,0,0,0,0,0,0,0,1,0,1,0,0,0,0,0,0,1,0,0,1,L,R,32,5,14,4750000,29157,13,98,
11135,38457,204481,1,3,2,2,1,Yes,0,0,0,0,1,0,0,0,1,0,0,0,0,0,0,0,0,0,0,0,0,1,L,PG,58,5.7,58,0,43930,5,0,
11156,38842,281326,1,3,3,2,3,Yes,0,0,0,0,0,0,0,1,0,0,0,0,0,0,0,0,0,0,0,0,0,0,M,R,16,6.7,1,0,8927,14,105,
11211,39584,91432,1,2,2,1,1,Yes,0,0,0,0,1,0,0,1,0,0,0,0,0,0,0,0,0,0,0,0,0,1,M,R,84,6.1,84,0,91432,1,0,
11215,38268,193571,1,3,2,3,3,Yes,0,0,0,0,0,0,0,1,0,0,0,0,0,0,0,0,0,0,0,0,0,0,L,R,51,6.3,4,0,17879,7,85,
11219,39668,58001,1,3,2,1,1,Yes,0,0,0,1,0,0,0,1,0,0,0,0,1,0,0,0,0,0,0,0,0,1,L,R,7,6.4,1,0,5888,8,92,
11244,38765,101228,1,3,2,2,3,Yes,0,0,0,0,1,0,0,1,0,0,0,0,0,0,0,0,0,0,0,0,0,1,L,R,11,6.4,7,3500000,28091,9,98,
11255,38751,223144,1,3,2,2,3,No,0,0,0,0,1,0,0,1,0,0,0,0,0,0,0,1,0,0,0,0,0,1,L,PG,35,6.5,0,0,0,3,93,
11446,38212,54020,1,3,2,2,2,Yes,0,0,0,0,1,0,0,0,0,0,0,0,0,0,0,0,0,0,0,0,0,0,L,UR,4,5.5,2,450000,6722,12,92,
11534,38324,284002,1,3,3,2,2,No,0,0,0,0,0,0,0,1,0,0,0,0,0,0,0,0,0,0,0,0,0,0,M,PG,226,7.1,226,0,160346,3,90,
11537,38618,58116,1,2,2,2,1,Yes,0,0,0,0,1,0,0,0,0,0,0,0,0,0,0,1,0,0,0,0,0,1,L,R,44,3.1,44,0,23281,2,91,
11722,37862,112746,1,3,2,2,2,Yes,0,0,0,0,1,0,0,1,0,0,0,0,0,0,0,1,0,0,0,0,0,1,L,UR,18,5,18,0,67529,3,100,
11727,37750,71743,1,1,1,1,1,Yes,0,0,0,0,1,0,0,0,0,0,0,0,0,0,0,0,0,0,0,0,0,0,M,R,7,6.1,7,0,13258,1,94,
11756,37743,83500,1,2,1,1,1,No,0,0,0,0,0,0,0,1,0,0,0,0,0,0,0,1,0,0,0,0,0,1,M,R,5,6.2,1,80000,3284,7,85,
11815,37736,121972,1,2,2,2,3,Yes,0,0,0,0,0,1,0,1,0,0,0,0,0,0,0,0,0,0,0,0,0,1,L,R,8,5.5,0,0,0,4,100,
11821,37085,187474,1,3,1,1,1,No,0,0,0,0,1,0,0,1,0,0,0,0,0,0,0,1,0,0,0,0,0,1,M,PG,15,7.1,8,1000000,33236,13,97,
11822,37148,251058,1,2,2,1,1,Yes,0,0,0,0,1,0,0,0,0,0,0,0,0,0,0,0,0,0,0,0,0,0,L,R,15,6.1,8,0,35386,15,88,
11864,37939,80776,1,2,1,1,1,Yes,0,0,0,0,0,0,0,0,0,0,0,0,0,1,0,1,0,0,0,0,0,1,H,PG-13,16,6,16,0,24641,4,102,
11936,37764,69716,1,3,1,1,1,Yes,0,0,0,0,0,0,0,1,0,0,0,0,0,0,0,0,0,0,0,0,0,0,M,R,15,7.4,1,0,7628,8,100,
11958,37001,104883,1,2,1,1,1,No,0,0,0,0,0,0,0,1,0,0,0,0,0,0,1,1,0,0,0,0,0,1,L,UR,3,4.4,1,0,10506,21,84,
11973,37876,71305,1,3,1,1,2,Yes,0,0,0,0,1,0,0,1,0,0,0,0,0,0,0,1,0,0,0,0,0,1,L,R,5,6.8,5,0,30120,4,91,
11986,37722,103874,1,2,1,1,1,Yes,0,0,0,0,0,0,0,1,0,0,0,0,0,0,0,1,0,0,0,0,0,1,L,R,14,6.1,5,0,17089,9,91,
11993,37449,295468,1,2,1,1,1,Yes,0,0,0,0,1,0,0,0,0,0,0,0,0,0,0,1,0,0,0,0,0,1,M,R,35,5.8,5,500000,33088,5,98,
12026,36987,149258,1,3,2,1,1,Yes,0,0,0,0,0,0,0,1,0,0,1,0,0,0,0,1,0,0,0,0,0,1,L,PG,11,7.4,5,0,19772,13,0,
12081,36885,75078,1,3,3,2,1,Yes,0,0,0,0,1,0,0,0,0,0,0,0,0,0,0,0,0,0,0,0,0,0,M,R,8,6,8,14000000,9128,4,103,
12110,37561,102622,1,3,3,2,1,No,0,0,0,0,0,1,0,1,0,0,0,0,0,0,1,0,0,0,1,0,0,1,H,R,27,6,27,16000000,45888,3,0,
12125,37022,188686,1,2,1,1,1,Yes,0,0,0,0,1,0,0,0,0,0,0,0,0,0,0,1,0,0,0,0,0,1,M,R,10,6.3,2,0,17131,12,95,
12278,37232,238431,1,2,1,1,1,Yes,0,0,0,0,1,0,0,0,0,0,0,0,0,0,0,0,0,0,0,0,0,0,M,R,11,6,1,0,11695,10,95,
12301,36560,127891,1,3,2,1,1,No,1,0,0,0,0,0,0,1,0,0,0,0,0,0,0,0,0,0,0,0,0,1,L,PG-13,113,3.7,113,0,80655,2,99,
12331,37554,52526,1,3,2,2,1,No,0,0,0,0,0,0,0,1,0,0,0,0,0,0,1,0,0,0,1,0,0,1,L,R,10,5.6,10,8000000,29483,2,122,
10044,40270,60072596,7,2,3,2,3,Yes,0,0,0,0,1,0,0,0,0,0,0,0,0,0,0,0,0,0,0,0,0,0,L,PG-13,2155,3,2155,20000000,29289537,10,121,
10202,40417,57744720,7,3,2,2,2,Yes,1,0,0,0,0,1,0,0,0,0,0,0,0,0,0,0,0,0,1,0,0,1,L,PG-13,2206,5.8,2206,20000000,20512304,12,107,
10231,39976,65247655,7,4,3,2,3,No,1,0,0,0,0,1,0,0,0,0,0,0,0,0,0,0,0,0,1,0,0,1,H,R,3077,6.4,3,100000000,23373102,9,106,
10237,40333,47000485,7,2,3,2,2,No,1,0,0,0,1,0,0,0,0,0,0,0,0,0,0,1,0,0,1,0,0,1,H,PG-13,2859,4.9,2859,75000000,15837266,11,100,
10240,39913,57497699,7,4,2,2,2,No,1,1,0,0,0,0,0,0,0,1,0,0,0,0,0,0,1,0,1,0,0,1,L,PG,2181,3.2,2181,45000000,4756488,8,85,
10302,40459,59699513,7,3,3,2,3,No,0,0,0,0,0,0,0,1,1,0,1,0,0,0,0,0,0,1,0,0,0,1,L,PG,3108,7.1,3072,35000000,12694770,18,123,
10304,40445,52474616,7,3,3,2,3,Yes,0,0,0,0,0,0,0,1,0,0,0,0,0,0,0,0,0,0,0,0,0,0,L,PG-13,3597,6.3,3565,70000000,19011188,13,133,
10349,40142,49474048,7,3,3,3,3,Yes,0,0,0,0,1,0,0,0,1,0,0,0,0,0,0,0,0,0,0,0,0,1,H,PG,3425,5.1,3425,35000000,16894511,16,88,
10373,39836,75225693,7,3,3,2,4,No,0,0,0,0,0,0,0,1,0,0,0,0,0,0,0,1,0,0,0,0,0,1,L,R,1077,7.5,3,35000000,189911,14,119,
10394,40137,47395661,7,2,3,2,2,No,0,0,0,0,0,0,0,1,0,0,0,0,0,0,0,0,0,0,0,0,0,0,H,R,1003,7.4,18,10000000,1872458,16,0,
10482,39836,45802315,7,5,2,2,2,No,1,1,0,0,0,0,0,0,0,1,0,0,0,0,0,0,0,0,1,0,0,1,L,R,2942,6.4,2942,35000000,20828511,6,92,
10518,40200,60020099,7,4,2,3,3,No,0,0,0,0,1,0,0,0,1,1,0,0,0,0,0,0,0,0,0,0,0,1,L,PG,3345,4.8,3344,48000000,14010409,20,101,
10545,39556,62877175,7,3,2,4,3,Yes,0,0,0,0,1,0,0,1,0,0,0,0,1,0,0,1,0,0,0,0,0,1,L,R,2872,7.4,2798,30000000,17725330,12,111,
10571,39829,73023275,7,4,3,2,3,No,0,0,0,0,1,0,0,0,1,0,0,0,0,0,0,0,0,0,0,0,0,1,L,PG,3271,4.9,3271,35000000,17012212,19,100,
10574,40221,61937495,7,4,3,2,3,No,0,0,0,0,0,0,0,1,0,0,0,1,0,0,0,0,0,0,1,0,0,1,L,R,3223,6,0,150000000,0,5,103,
10608,39052,46432264,7,3,3,3,2,Yes,0,0,0,0,0,0,0,1,1,0,0,0,0,0,0,0,0,0,0,0,0,1,M,PG,3083,6.6,3083,30000000,7849304,7,101,
10668,39395,72000867,7,4,3,3,3,No,0,0,0,0,1,0,0,0,1,1,0,0,0,0,0,0,0,0,0,0,0,1,H,PG,3603,5.6,0,0,18515473,14,116,
10685,39010,53082743,7,4,4,2,4,No,0,0,0,0,0,0,0,1,0,1,0,0,0,0,1,1,0,0,1,0,0,1,L,PG-13,2305,8.4,2281,40000000,14801808,16,130,
10709,39407,74273505,7,3,4,3,4,No,0,0,0,0,0,1,0,1,0,0,0,0,0,0,0,0,0,0,1,0,0,1,H,R,2037,8.3,28,25000000,1226333,22,122,
10718,39339,69766619,7,3,3,2,3,No,0,0,0,0,0,1,0,1,0,0,0,0,0,0,0,0,0,0,1,0,0,1,L,R,2837,6.8,2755,70000000,13471488,9,122,
10800,39402,69474661,7,4,2,2,3,Yes,0,0,0,0,1,0,0,0,1,1,0,0,0,0,0,0,0,0,0,0,0,1,H,G,3168,6.2,3164,0,9630085,17,93,
10810,38751,66966987,7,4,3,2,2,No,0,0,0,0,0,0,0,0,0,0,0,1,0,0,0,0,0,0,1,0,0,1,L,PG-13,3004,4.8,2999,15000000,21607203,7,87,
10856,39059,57312489,7,3,3,2,4,No,0,1,0,0,0,0,0,1,0,0,0,0,0,0,0,0,0,0,1,0,0,1,M,R,1920,8,0,100000000,8648324,16,143,
10881,39177,62771059,7,4,2,4,3,No,0,0,0,0,0,0,0,0,0,0,0,1,0,0,0,0,0,0,1,0,0,1,L,R,2603,5.6,2,40000000,10025203,7,99,
10922,39199,55286454,7,5,3,3,3,No,1,0,0,0,0,0,0,0,0,1,0,0,0,0,0,1,1,0,1,0,0,1,L,PG-13,2733,6.1,2725,70000000,7133049,7,96,
10959,38576,74484168,7,3,3,4,3,Yes,1,0,0,0,0,1,0,1,0,0,0,0,0,0,1,0,0,0,1,0,0,1,L,R,2649,6.8,2533,45000000,21176925,15,109,
11001,39176,49968665,7,3,3,2,3,No,0,0,0,0,1,0,0,1,1,0,0,0,0,0,0,0,0,0,0,0,0,1,L,PG,2944,3.3,0,0,0,11,92,
11015,38996,51685963,7,4,3,2,2,No,0,0,0,0,0,0,0,0,0,0,0,1,0,0,0,0,0,0,1,0,0,1,L,R,2820,5.8,2820,16000000,18508228,13,91,
11016,39801,50818750,7,4,2,2,3,No,0,1,1,0,1,0,0,0,1,1,0,0,0,0,0,0,0,0,0,0,0,1,M,G,3107,6.1,2758,0,10103675,11,93,
11030,38660,62647540,7,3,3,2,3,No,0,0,0,1,0,0,0,1,0,0,0,0,0,0,0,0,0,0,0,1,0,1,H,R,2448,7.2,2411,70000000,27726210,11,125,
11039,38947,62022014,7,5,2,2,3,No,1,0,0,0,0,0,0,0,0,0,0,0,0,0,0,0,0,0,1,0,0,1,L,R,3555,6,0,33000000,15206301,12,105,
11053,38758,54098051,7,4,2,2,2,Yes,0,0,0,0,0,0,0,0,0,0,0,1,0,0,1,0,0,0,1,0,0,1,L,R,2880,5.9,2880,34000000,19173094,10,93,
11119,38737,62318875,7,4,3,2,3,No,1,0,0,0,0,0,0,0,0,1,0,0,0,0,0,0,0,0,1,0,0,1,L,R,3207,6.6,3207,50000000,26857181,8,106,
11127,38525,66002004,7,4,3,2,3,No,0,1,0,0,1,0,0,0,1,1,0,0,0,0,0,1,0,1,0,0,0,1,H,G,3521,4.7,3521,50000000,12709221,16,101,
11146,38667,57479076,7,4,2,2,3,No,0,0,0,0,0,0,0,1,0,0,0,0,0,0,0,0,0,0,1,0,0,1,H,R,2447,6.5,2443,22000000,12211986,14,108,
11170,38786,61112916,7,4,3,3,3,No,0,0,0,0,1,0,0,0,1,1,0,0,0,0,0,0,0,0,0,0,0,1,L,PG,3501,4.2,3501,0,16310058,20,98,
11171,38366,67253092,7,2,2,2,3,Yes,0,0,0,0,0,0,0,1,0,0,0,0,0,0,0,0,0,1,0,0,0,1,L,PG-13,2574,7.1,2524,30000000,29168180,16,136,
11203,38653,74000000,7,4,4,4,3,No,1,1,0,0,0,0,0,0,0,0,0,0,0,0,0,0,0,0,0,0,1,1,L,PG,3520,5.7,0,75000000,0,8,129,
11221,38485,52580895,7,2,2,4,3,Yes,0,0,0,0,1,0,0,0,1,0,0,0,0,0,0,0,0,1,0,0,0,1,M,PG,3470,5.3,3455,45000000,20159925,11,95,
11238,38758,58336565,7,4,2,2,3,No,0,1,1,0,1,0,0,0,1,0,0,0,0,0,0,0,0,0,0,0,0,1,L,G,2609,6.6,2566,0,14703405,12,86,
11279,38359,56386759,7,4,3,3,3,Yes,0,0,0,0,0,0,0,1,0,0,0,1,0,0,1,0,1,0,1,0,0,1,L,PG-13,0,5.4,0,0,24113565,0,101,
11299,38275,50222058,7,4,3,2,3,Yes,1,1,0,0,1,0,0,0,0,0,0,0,0,0,0,0,0,0,0,0,0,1,L,R,2620,7.3,2539,30000000,12120358,13,98,
11331,38198,65948711,7,3,3,3,4,No,0,0,0,0,0,0,0,1,0,0,0,0,0,0,1,0,0,0,1,0,0,1,M,R,2867,6.7,2867,80000000,20018620,16,129,
11337,38303,61347797,7,3,3,2,3,No,1,0,0,0,1,1,0,1,0,0,0,0,0,0,0,0,0,0,0,0,0,1,H,PG-13,2819,6.2,2819,58000000,11100392,12,97,
11347,38226,70992898,7,4,2,2,2,No,1,1,0,0,0,0,0,0,0,0,0,1,0,0,0,0,0,0,1,0,0,1,L,PG-13,2905,4.3,2905,25000000,12812287,7,97,
11360,38219,58156435,7,3,2,3,2,No,0,1,0,0,1,0,0,0,0,0,0,0,0,0,1,0,0,0,0,0,0,1,L,PG-13,2756,5.7,2730,19000000,13528946,21,95,
11363,38065,65470529,7,3,3,4,4,No,0,0,0,0,0,0,0,0,0,0,0,0,0,0,1,0,0,0,1,0,0,1,L,R,2705,5.9,2705,45000000,11458465,11,103,
11401,38329,52397389,7,4,3,3,3,Yes,1,1,0,0,0,0,0,0,0,1,0,0,0,0,0,0,0,0,1,0,0,1,M,R,2912,5.7,2912,65000000,16061271,11,113,
11406,38387,67192859,7,4,2,2,2,No,0,0,0,0,0,0,0,1,0,0,0,1,0,0,1,0,0,0,1,0,0,1,L,PG-13,3052,3.9,3052,20000000,19020655,7,89,
11461,38016,60378584,7,3,2,2,3,Yes,0,0,0,1,0,1,0,1,0,0,0,0,0,0,0,0,0,0,0,0,0,1,L,R,1093,7.4,4,8000000,86831,22,109,
11486,38240,56422687,7,3,2,2,3,No,0,0,0,0,0,1,0,0,0,0,0,0,0,0,0,0,0,0,1,0,0,1,L,PG-13,2763,6.5,2749,25000000,10100571,14,94,
11588,38051,67286731,7,3,3,2,3,Yes,1,1,0,0,0,0,0,1,0,0,0,0,0,0,0,0,0,0,0,0,0,1,L,PG-13,3065,6.6,3063,100000000,18829435,20,136,
11625,37729,67325559,7,3,3,2,3,No,0,1,0,0,1,0,0,1,1,0,0,0,0,0,1,1,0,0,0,0,0,1,L,PG,2452,7,2331,30000000,16300155,17,117,
11637,38315,51676606,7,3,3,3,4,No,0,0,0,1,0,0,0,1,1,0,0,0,0,0,0,0,0,0,0,0,0,1,H,PG,1411,7.9,0,25000000,0,24,106,
11643,37951,60057639,7,3,2,2,3,Yes,0,0,0,0,1,1,0,0,0,0,0,0,0,0,0,0,0,0,0,0,0,1,H,R,2540,7.2,2005,18000000,12292952,16,91,
11666,37512,75074950,7,2,3,2,3,No,0,0,0,0,1,0,0,1,0,0,0,0,0,0,0,0,0,0,0,0,0,1,L,PG-13,2176,6.2,1605,12000000,20627433,11,102,
11673,37862,63102666,7,4,2,2,2,Yes,0,0,0,0,0,0,0,0,0,0,0,1,0,0,0,0,0,0,1,0,0,1,L,R,3124,5.3,3124,17000000,18365222,7,104,
11676,37484,51599647,7,3,2,2,2,No,0,0,0,0,0,0,0,1,0,0,0,0,0,0,0,1,0,1,0,0,0,1,L,PG-13,3015,5.5,3002,30000000,14169455,7,104,
11685,37708,74208267,7,4,2,3,3,Yes,1,1,0,0,0,0,0,0,0,0,0,0,0,0,0,0,1,0,1,0,0,1,L,PG-13,3019,5.3,3017,60000000,12053131,15,135,
11750,37876,55845943,7,4,3,3,3,Yes,1,0,0,0,1,1,0,1,0,0,0,0,0,0,0,0,0,0,0,0,1,1,L,R,3289,6.2,3282,29000000,23424118,7,102,
11771,37645,47488536,7,4,2,2,2,No,0,0,0,0,0,0,0,0,0,0,0,1,0,0,0,0,0,0,1,0,0,1,L,PG-13,2865,4.6,2837,11000000,12024917,9,86,
11772,37610,60694737,7,4,2,2,2,Yes,0,1,1,0,1,0,0,0,1,1,0,0,0,0,0,0,0,0,0,0,0,1,M,PG,3012,4.8,3012,35000000,6013847,19,85,
11781,37414,65977295,7,3,3,2,3,No,1,1,0,0,1,0,0,0,0,0,0,0,0,0,0,0,0,0,1,0,0,1,H,PG-13,2944,5.4,2944,70000000,11007367,16,116,
11817,37680,56059000,7,3,2,2,2,Yes,0,0,0,0,0,0,0,1,0,0,0,0,0,0,0,0,0,0,1,0,0,1,L,R,179,6.7,179,4000000,301856,4,99,
11826,37190,50315140,7,3,3,2,3,No,0,0,0,0,0,0,0,1,0,0,0,0,0,0,1,0,1,0,0,0,0,1,L,PG-13,2581,7.3,2541,48000000,17215275,10,120,
11882,37358,66790248,7,3,2,3,2,No,0,0,0,0,0,0,0,1,0,0,0,0,0,0,0,0,0,0,1,0,0,1,L,R,2642,6.5,2613,45000000,17128062,17,98,
11992,37050,69772969,7,3,4,4,3,Yes,1,0,0,0,0,1,0,0,0,0,0,0,0,0,0,0,0,0,1,0,0,1,H,R,2688,6.3,2678,80000000,18145632,15,99,
12013,37169,50255310,7,3,2,3,3,Yes,0,0,0,0,1,0,0,0,0,1,0,0,0,0,0,1,0,0,0,0,0,1,L,PG-13,2610,6.7,2601,28000000,13309241,13,90,
12040,37295,65900000,7,4,3,2,3,No,1,0,0,0,0,0,0,0,0,0,0,0,0,0,0,0,0,0,1,0,0,1,L,R,2824,5.2,2824,85000000,15058432,12,108,
12115,36917,60400856,7,3,4,3,3,Yes,0,0,0,0,1,0,0,0,0,0,0,0,0,0,0,1,0,0,0,0,0,1,L,PG-13,2785,4.8,2785,35000000,13510293,14,103,
12200,36644,68106245,7,4,2,2,3,Yes,0,0,0,0,0,1,0,1,0,0,0,0,0,0,0,0,1,0,1,0,0,1,L,PG-13,2631,7.3,2621,22000000,9025584,20,118,
12205,36567,60008303,7,3,2,2,2,Yes,0,1,0,0,1,0,0,0,1,0,0,0,0,0,0,1,0,0,0,0,0,1,L,PG,2717,4.5,2664,13000000,14331819,21,89,
12257,36607,55973336,7,4,2,2,3,No,1,0,0,0,0,1,0,0,0,0,0,0,0,0,0,0,0,0,1,0,0,1,L,R,2641,5.9,2641,25000000,18014503,13,115,
12283,37225,59068786,7,4,2,2,3,No,1,0,0,0,0,0,0,1,0,0,0,0,0,0,0,0,0,0,1,1,0,1,H,PG-13,2844,6.1,2770,40000000,18736133,19,106,
12306,36616,50802661,7,4,2,2,2,Yes,0,1,1,0,1,0,0,0,1,0,0,0,0,0,0,1,0,0,0,0,0,1,L,PG,3223,6.5,3218,95000000,12846652,13,89,
12339,37250,47095453,7,3,3,2,3,No,0,0,0,0,1,0,0,0,0,1,0,0,0,0,0,1,0,0,0,0,0,1,M,PG-13,2467,6.2,2449,48000000,2562448,9,118,
10028,40422,35596227,6,2,3,2,3,No,0,0,0,0,0,1,0,1,0,0,0,0,0,0,0,0,0,0,0,0,0,1,L,R,2833,6.5,2823,20000000,16662333,9,105,
10034,40410,28995450,6,4,3,4,4,Yes,0,0,0,0,1,0,0,0,1,1,0,0,0,0,0,0,0,0,0,0,0,1,L,PG,2798,6.1,1,0,8407685,10,96,
10047,40235,44867349,6,3,3,2,3,Yes,1,0,0,0,1,1,0,0,0,0,0,0,0,0,0,0,0,0,0,0,0,1,L,R,3150,5.6,0,37000000,0,12,107,
10054,40529,30212620,6,2,4,2,3,Yes,0,0,0,0,1,0,0,1,0,0,0,0,0,0,0,1,0,0,0,0,0,1,M,PG-13,2483,5.3,2483,120000000,7484696,6,121,
10067,40417,40990055,6,4,2,2,2,Yes,0,0,0,0,0,0,0,1,0,0,0,1,0,0,0,0,0,0,1,0,0,1,L,PG-13,2874,5.7,2874,2000000,20366613,6,87,
10128,39689,34816824,6,4,2,2,2,Yes,0,0,0,0,1,0,0,0,0,0,0,0,0,0,0,0,0,0,0,0,0,0,L,PG-13,2642,1.7,2642,25000000,6945535,7,87,
10168,39738,29434429,6,1,3,3,3,Yes,0,0,0,1,0,0,0,1,0,0,0,0,0,0,0,0,0,0,0,0,0,1,L,PG-13,839,6.6,2,25100000,10505668,6,129,
10196,39822,42638165,6,4,3,4,2,Yes,0,0,0,0,0,0,0,0,0,0,0,1,0,0,1,0,0,0,1,0,0,1,L,PG-13,2359,4.5,2357,16000000,19810585,8,88,
10254,39731,31691811,6,4,2,2,2,No,0,0,0,0,0,0,0,0,0,0,0,1,0,0,1,0,0,0,1,0,0,1,L,R,2461,6.1,2461,12000000,14211321,5,89,
10272,40158,37479778,6,3,3,3,3,No,0,0,0,1,0,0,0,1,0,0,1,0,0,0,0,0,0,1,0,0,0,1,M,PG-13,2170,7.4,2125,60000000,8611147,13,134,
10284,39710,41622502,6,2,2,2,2,Yes,0,0,0,0,1,0,0,0,0,0,0,0,0,0,0,1,0,0,0,0,0,1,L,R,2636,5.8,2604,20000000,8265357,5,101,
10291,40200,40168080,6,4,2,2,2,Yes,1,0,0,0,0,0,0,0,0,1,0,0,0,0,0,0,0,0,1,0,0,1,L,R,2476,5,2476,26000000,17501625,7,100,
10312,39666,44087387,6,2,2,3,2,No,0,0,0,0,1,0,0,1,0,0,0,0,0,0,0,1,0,0,0,0,0,1,L,PG-13,2714,6.2,2707,0,10678430,12,117,
10328,39514,45588608,6,3,2,2,3,Yes,0,1,0,0,1,0,0,1,1,0,0,0,0,0,0,0,0,0,0,0,0,1,L,G,2706,3.7,2706,0,13601419,21,83,
10496,39927,31670931,6,2,3,3,3,No,0,0,0,1,0,0,0,1,0,0,0,0,1,0,0,0,0,0,0,0,0,1,L,PG-13,2090,6.7,2024,60000000,9716458,9,117,
10508,40102,28802131,6,3,2,2,1,No,0,0,0,0,0,0,0,0,0,0,0,0,0,0,1,0,0,0,1,0,0,1,L,PG-13,2734,5.4,2734,0,11581586,4,101,
10607,40137,42086887,6,4,2,2,3,Yes,0,1,1,0,1,0,0,0,1,0,0,0,0,0,0,0,1,0,0,0,0,1,H,PG,3035,6.1,3,70000000,12286129,15,91,
10637,39486,43650785,6,2,3,3,3,Yes,0,0,0,0,1,0,0,0,0,0,0,0,0,0,0,1,0,0,0,0,0,1,L,PG-13,2387,4.6,2387,35000000,16207730,8,114,
10691,39290,43052274,6,3,2,2,3,No,0,0,0,0,1,0,0,1,0,0,0,0,1,0,0,1,0,0,0,0,0,1,M,PG,2425,6.3,2425,28000000,11704357,14,104,
10706,39353,29527293,6,2,4,2,3,No,0,0,0,0,0,1,0,1,0,0,0,0,0,0,1,0,0,0,1,0,0,1,L,R,978,7.4,9,0,133557,19,121,
10731,39829,36842118,6,2,3,2,2,Yes,0,0,0,1,0,0,0,1,0,0,0,0,1,0,0,0,0,0,0,0,0,1,L,R,1641,6.3,1638,20000000,20497596,11,122,
10758,39407,39687528,6,4,2,2,3,Yes,1,0,0,0,0,1,0,1,0,0,0,0,0,0,0,0,0,0,1,0,0,1,H,R,2468,6.2,2458,24000000,13180769,16,89,
10763,39087,43090741,6,3,3,3,3,No,0,0,0,1,0,1,0,1,0,0,0,0,0,0,0,0,0,0,0,0,0,1,L,PG-13,2286,7.5,0,21000000,9405582,10,123,
10822,38793,33687630,6,2,3,2,3,No,0,0,0,0,1,0,0,0,0,0,0,0,0,0,0,1,0,0,0,0,0,1,L,PG-13,2631,6.4,2623,20000000,10730372,11,105,
10867,39290,32017803,6,4,3,3,3,Yes,0,1,0,0,0,0,0,0,0,0,0,0,0,0,0,0,1,0,1,0,0,1,M,R,461,7.3,0,0,242964,13,107,
10880,39367,29367143,6,4,3,2,2,No,0,1,0,0,0,0,0,1,0,0,0,0,0,1,0,1,0,0,0,0,0,1,L,PG-13,964,7.4,23,0,667784,13,133,
10887,38828,36279230,6,3,2,2,3,No,1,0,0,0,0,1,0,1,0,0,0,0,0,0,1,0,0,0,1,0,0,1,L,PG-13,2851,6.1,2822,0,14367854,14,108,
10937,38639,31501218,6,3,3,2,3,Yes,0,0,0,0,0,0,0,1,0,0,1,0,0,0,0,0,0,0,0,0,0,1,L,PG,929,7.7,0,7500000,0,23,93,
10957,38665,30981850,6,3,3,2,2,Yes,0,0,0,1,0,1,0,1,0,0,0,0,1,0,0,0,0,0,0,0,0,1,H,R,1666,4.1,1652,40000000,12020807,12,117,
11094,38821,37371315,6,3,2,2,3,No,0,1,1,0,1,0,0,0,1,0,0,0,0,0,0,0,0,0,0,0,0,1,L,G,2854,5.4,2854,0,9684809,18,0,
11110,38504,39008741,6,3,3,3,3,No,0,1,0,0,1,0,0,1,0,0,0,0,0,0,0,1,0,0,0,0,0,1,H,PG,2583,6.8,2583,25000000,9833340,15,119,
11209,38366,45489752,6,2,3,2,3,Yes,0,0,0,0,1,0,0,1,0,0,0,0,0,0,0,1,0,0,0,0,0,1,L,PG-13,1963,6.8,3,0,151750,11,109,
11348,38016,40066497,6,3,2,2,2,Yes,0,0,0,0,1,0,0,1,1,0,0,0,0,0,0,0,0,1,0,0,0,1,L,PG-13,1943,2.7,1933,8000000,16123105,11,95,
11388,38037,33051296,6,3,2,2,3,No,0,0,0,0,1,0,0,0,1,0,0,0,1,0,0,1,0,0,0,0,0,1,L,PG,2503,4.2,2503,15000000,9350572,13,89,
11432,38135,37486138,6,3,3,3,3,No,0,0,0,0,1,0,0,1,0,0,0,0,0,0,0,1,0,0,0,0,0,1,M,PG-13,2721,5.7,2717,0,14239252,15,119,
11463,38422,34636443,6,3,2,2,3,No,0,0,0,0,0,1,0,1,0,0,0,0,0,0,1,0,0,0,1,0,0,1,L,R,2183,6.6,2123,52000000,10214734,14,113,
11473,37967,33828318,6,2,3,2,3,No,0,0,0,0,1,0,0,0,0,0,0,0,0,0,0,0,0,0,0,0,0,0,M,PG-13,3007,5.9,3003,55000000,9411055,13,118,
11484,38065,34126138,6,3,3,2,3,No,0,0,0,0,0,0,0,1,0,0,0,0,0,0,0,1,1,0,0,0,0,1,L,R,1357,8.5,1353,20000000,8175198,14,108,
11491,37785,39399750,6,4,2,2,2,Yes,0,1,1,0,1,0,0,0,1,0,0,0,0,0,0,0,0,0,0,0,0,1,H,PG,3041,5,3041,25000000,11556869,15,0,
11500,37897,44566004,6,3,3,3,3,Yes,0,0,0,0,0,0,0,1,0,0,0,0,0,0,0,1,0,0,0,0,0,1,L,R,882,7.9,0,4000000,0,27,104,
11518,38093,33682273,6,3,2,3,3,Yes,1,0,0,0,0,1,0,1,0,0,0,0,0,0,0,0,0,0,1,0,0,1,L,R,2649,6.3,2649,15500000,13834527,12,124,
11556,37708,37788228,6,2,2,2,3,Yes,0,0,0,0,1,0,0,0,0,0,0,0,0,0,0,0,0,0,0,0,0,0,L,PG-13,2256,5.1,2151,0,13503484,11,95,
11592,38401,32645546,6,2,2,3,3,No,0,0,0,0,1,0,0,1,1,0,0,0,0,0,0,0,0,0,0,0,0,1,L,PG,3188,6.1,3188,14000000,13218723,17,106,
11593,38268,36609966,6,4,3,3,3,No,1,0,0,0,1,1,0,0,0,0,0,0,0,0,0,0,0,0,1,0,0,1,L,PG-13,3001,4.1,3001,25000000,12029832,20,97,
11648,37743,42672630,6,3,2,2,3,Yes,0,1,0,0,1,0,0,0,1,0,0,0,1,0,0,1,0,0,0,0,0,1,M,PG,2825,4.7,2825,17000000,17338755,15,94,
11675,37951,43935763,6,4,3,3,2,No,1,1,0,0,0,0,0,0,0,1,0,0,0,0,0,0,1,0,0,0,0,1,H,PG-13,2787,5.3,2787,80000000,8440629,11,116,
11741,37715,35990505,6,3,2,2,2,No,0,0,0,0,1,0,0,1,0,0,0,0,0,0,0,1,0,0,0,0,0,1,L,PG,2964,5.7,2964,20000000,11434964,11,105,
11813,37302,37188667,6,3,2,2,2,Yes,0,1,0,0,1,0,0,1,0,0,0,0,1,0,0,1,0,0,0,0,0,1,L,PG-13,2381,2.9,2380,12000000,17014226,12,93,
11820,38346,34405297,6,4,2,2,2,Yes,0,0,0,0,0,0,0,0,0,0,0,1,0,0,1,0,0,0,1,0,0,1,M,R,1718,5.3,0,10600000,0,11,102,
11838,37694,34238611,6,4,3,3,2,Yes,1,0,0,0,0,1,0,1,0,0,0,0,0,0,0,0,0,0,1,0,0,1,L,R,2517,5.8,2516,55000000,13482638,11,94,
11841,37246,37317558,6,4,3,2,3,Yes,0,0,0,0,0,0,0,1,0,0,0,0,0,0,0,1,0,0,0,0,0,1,M,PG,2361,6.8,2361,72000000,7366207,12,152,
11850,38709,35424335,6,3,2,3,2,Yes,0,0,0,0,1,0,0,0,0,0,0,0,0,0,0,0,0,1,0,0,0,1,M,PG-13,1829,5.7,1829,0,7702439,14,94,
11851,37197,43905746,6,4,3,2,3,Yes,1,0,0,0,0,0,0,0,0,0,0,0,0,0,0,0,1,0,1,0,0,1,H,PG-13,2894,5.6,2894,49000000,19112404,7,87,
11878,37365,31874869,6,3,2,3,3,Yes,0,0,0,0,0,1,0,1,0,0,0,0,0,0,0,0,0,0,1,0,0,1,L,R,2663,5.9,2663,50000000,9307394,11,120,
11902,37309,30063805,6,3,3,3,3,No,0,0,0,0,0,0,0,1,0,1,0,0,0,0,1,1,0,0,1,0,0,1,L,PG-13,2507,5.8,2507,60000000,10216025,7,104,
11911,37351,41543207,6,3,2,2,3,No,0,0,0,0,0,1,0,1,0,0,0,0,0,0,1,0,0,0,1,0,0,1,L,PG-13,2747,6.1,2717,42000000,14005550,20,115,
11918,36728,43746923,6,4,2,2,2,Yes,0,1,1,0,0,0,0,0,1,0,0,0,0,0,0,0,0,0,0,0,0,1,M,G,660,4.5,0,0,0,8,102,
11924,37071,28734552,6,3,2,2,2,Yes,0,0,0,0,1,1,0,1,0,0,0,0,0,0,0,1,0,0,0,0,0,1,H,R,1533,6.1,1533,16000000,8606403,11,130,
11996,37316,40500000,6,5,1,3,3,Yes,0,0,0,0,1,0,0,1,0,0,0,0,0,0,0,1,0,0,0,0,0,1,L,R,2399,5.4,2225,17000000,12229529,12,96,
12001,36924,36684100,6,3,2,4,2,No,0,0,0,0,0,0,0,0,0,0,0,1,0,0,0,0,0,0,1,0,0,1,L,R,2310,4.3,2310,29000000,10024648,11,96,
12052,36868,32598931,6,3,3,3,3,No,1,1,0,0,0,0,0,1,0,0,0,0,0,0,0,0,0,0,1,0,0,1,M,R,2705,6.2,2705,65000000,10207869,12,135,
12060,36819,33508922,6,3,2,3,3,No,0,0,0,0,0,0,0,1,0,0,0,0,0,0,0,1,0,0,0,0,0,1,L,PG-13,2130,6.9,2130,40000000,9631359,16,123,
12066,37449,37664855,6,3,2,2,2,No,0,0,0,0,0,0,0,0,0,0,0,1,0,0,0,0,0,0,1,0,0,1,M,R,2094,3.9,1954,15000000,12292121,12,94,
12068,36567,45542421,6,4,1,1,2,No,0,0,1,0,1,0,0,0,1,0,0,0,0,0,0,0,0,0,0,0,0,1,L,G,2818,6,2723,20000000,9427532,23,77,
12077,37106,35402000,6,3,2,2,3,No,0,0,0,0,0,0,0,1,0,0,0,0,0,0,1,1,0,0,1,0,0,1,L,R,2194,5.7,2194,26000000,6402741,5,116,
12103,39416,32685679,6,4,2,2,3,Yes,0,0,0,0,0,1,0,0,0,0,0,0,0,0,0,0,0,0,1,0,0,1,H,R,2023,6.5,2002,8600000,5856872,14,84,
12129,37169,37000000,6,3,3,3,2,Yes,0,0,0,0,0,1,0,0,0,0,0,0,0,0,0,0,0,0,1,0,0,1,L,R,2522,6.6,2497,23000000,7347259,14,97,
12137,36777,28927720,6,3,2,2,3,No,0,0,0,0,0,1,0,0,0,0,0,0,0,0,1,0,0,0,1,0,0,1,L,R,2777,5.2,2742,33000000,9062295,8,97,
12155,39514,30028592,6,3,2,2,2,Yes,0,0,0,0,0,1,0,1,0,0,0,0,0,0,0,0,0,0,1,0,0,1,L,R,1613,7.4,0,20000000,5935256,13,111,
12176,36791,38574362,6,4,2,2,2,Yes,0,0,0,0,0,0,0,0,0,0,0,1,0,0,1,0,0,0,1,0,0,1,L,R,2539,3.8,2539,15000000,8505513,9,97,
12183,37883,30238577,6,3,2,2,2,No,0,0,0,0,1,0,0,1,0,0,0,0,1,0,0,1,0,0,0,0,0,1,L,PG-13,2026,5.2,2026,15000000,11758372,14,123,
12186,36868,33807409,6,4,2,2,2,No,1,1,0,0,0,0,0,0,0,1,0,0,0,0,0,0,0,0,0,0,0,1,M,PG-13,2078,3.6,2078,35000000,7237422,8,107,
12197,36845,36779296,6,3,2,2,3,Yes,0,0,0,0,0,0,0,1,0,0,0,0,0,0,0,1,0,0,0,0,0,1,H,PG-13,2028,5.6,1918,35000000,11423716,8,106,
12277,36812,31355910,6,4,2,2,2,No,0,0,0,0,0,0,0,1,0,0,0,1,0,0,0,0,0,0,1,0,0,1,L,R,1970,4.6,1970,28000000,7954766,6,97,
12284,36644,35231365,6,5,2,3,2,No,0,0,0,0,1,0,0,0,1,0,0,0,0,0,0,1,1,0,0,0,0,1,L,PG,3125,3.4,3040,58000000,10518435,16,90,
12288,36588,34099640,6,3,3,2,3,No,0,0,0,0,0,0,0,1,1,0,0,0,0,0,0,0,0,1,0,0,0,1,L,PG,2331,6.9,5,7000000,56941,24,95,
12300,36630,34266564,6,3,2,2,3,No,0,0,0,0,0,0,0,1,0,0,0,0,0,0,0,0,0,0,1,0,0,1,L,R,1242,7.5,1236,8000000,4961015,15,102,
12321,36623,32662299,6,3,3,2,2,No,0,0,0,0,1,0,0,1,0,0,0,0,0,0,0,1,0,0,0,0,0,1,L,PG,2320,6.7,2007,24000000,7820836,23,115,
12333,37183,38700761,6,4,3,2,3,No,0,0,0,0,0,1,0,0,0,0,0,1,0,0,1,0,0,0,1,0,0,1,L,R,2334,6.8,2305,35000000,11014818,16,122,
10032,40459,1796024,3,3,2,2,3,Yes,0,0,0,0,0,0,0,1,0,0,0,0,0,0,0,0,0,0,1,0,0,1,L,R,125,5.6,6,22000000,75766,11,105,
10077,40319,4360548,3,3,2,2,3,Yes,0,0,0,0,1,0,0,1,0,0,0,0,0,0,0,1,0,0,0,0,0,1,M,R,177,6.5,4,15000000,94936,20,90,
10107,40263,4216789,3,3,2,2,3,No,0,0,0,0,1,0,0,1,0,0,0,0,0,0,0,1,0,0,0,0,0,1,L,R,186,6.3,3,0,118152,10,107,
10163,39983,5305622,3,2,3,2,2,Yes,0,0,0,0,1,0,0,0,0,0,0,0,0,0,0,1,0,0,0,0,0,1,H,PG-13,353,7.2,9,15000000,266162,17,92,
10195,40046,6373693,3,2,2,3,2,Yes,0,0,0,0,1,0,0,0,0,0,0,0,0,0,0,1,0,0,0,0,0,1,L,PG-13,1959,5.2,0,15000000,0,6,88,
10275,39724,3744790,3,2,3,3,3,No,0,0,0,1,0,0,0,1,0,0,0,0,0,0,0,0,0,0,0,0,0,1,L,PG-13,1098,6.9,1098,20000000,2251075,2,119,
10286,40515,2035566,3,2,3,3,3,No,0,0,0,0,1,0,0,1,0,0,0,0,0,0,0,1,0,0,0,0,0,1,M,R,95,6.7,0,13000000,112520,17,0,
10321,39577,2344847,3,3,3,2,2,Yes,1,0,0,0,0,0,0,1,0,0,0,0,0,0,0,0,0,1,0,0,0,1,M,R,1379,6.9,6,7000000,63361,11,99,
10350,40039,5205343,3,3,2,3,2,No,0,0,0,0,1,0,0,1,1,0,0,0,1,0,0,1,0,0,0,0,0,1,L,PG,2121,6.5,2,20000000,2250000,5,111,
10353,39668,3577210,3,3,2,2,2,No,0,0,0,0,0,0,0,1,0,0,0,0,0,0,0,1,0,0,0,0,0,1,L,R,142,6.8,6,13000000,104168,12,112,
10359,40186,3509048,3,2,3,2,3,No,0,0,0,0,0,0,0,1,0,0,0,0,0,0,0,0,0,0,0,0,0,0,L,PG-13,707,6.8,75,25000,3509048,1,96,
10418,39837,1731665,3,2,3,2,3,No,0,0,0,1,0,0,0,1,0,0,1,0,0,0,0,0,0,0,0,1,0,1,L,UR,39,7.3,2,30000000,61070,21,134,
10445,39360,3573870,3,3,2,2,1,No,0,0,0,0,0,0,0,1,0,0,0,0,0,0,0,1,0,0,0,0,0,1,L,PG-13,1232,7,0,0,0,10,106,
10534,40459,6350058,3,3,2,2,2,No,0,0,0,0,1,0,0,1,0,0,0,0,0,0,0,0,0,0,0,0,0,1,L,PG-13,757,7.2,742,8000000,2013406,7,101,
10551,39297,4496799,3,2,2,2,2,No,0,0,0,1,0,0,0,1,0,0,1,0,1,0,0,0,0,0,0,1,0,1,L,R,193,7.3,33,0,402000,10,118,
10594,39472,7070459,3,2,1,1,1,Yes,0,0,0,0,0,0,0,1,0,0,0,0,0,0,0,0,0,0,0,0,0,0,L,PG-13,1531,2.9,1531,0,3957471,9,94,
10649,38814,7059537,3,2,2,2,2,Yes,0,0,0,0,1,0,0,0,0,0,0,0,0,0,0,0,0,0,0,0,0,0,L,PG-13,1060,2.4,1060,3000000,3109924,14,99,
10680,39150,3438735,3,3,2,2,2,No,0,0,0,0,0,0,0,1,0,0,0,0,0,0,0,0,0,0,0,0,0,0,L,PG,816,7.2,816,0,1241079,11,114,
10686,39080,2975649,3,3,2,2,3,Yes,0,0,0,1,0,0,0,1,0,0,0,0,0,0,0,0,0,0,0,0,0,1,M,PG,102,7.1,2,30000000,13205,22,92,
10692,39052,5821159,3,3,2,2,2,Yes,0,0,0,0,1,0,0,0,0,0,0,0,0,0,0,1,0,0,0,0,0,1,M,R,1979,4.3,1979,0,2313372,6,97,
10730,38961,7009668,3,2,2,3,2,Yes,1,0,0,0,0,0,0,0,0,0,0,0,0,0,0,0,0,1,0,0,0,1,L,PG-13,1023,1.8,1023,5600000,4402123,4,95,
10786,39458,4535117,3,4,2,2,2,No,1,1,0,0,0,0,0,1,0,1,0,0,0,0,0,0,0,0,0,0,0,1,L,PG-13,1632,3.8,0,60000000,2984524,2,127,
10792,39213,3091922,3,3,2,3,2,Yes,0,0,0,0,1,0,0,0,0,0,0,0,0,0,0,1,0,0,0,0,0,1,M,PG-13,936,5.6,0,0,0,8,0,
10795,38646,2025032,3,2,2,2,1,No,0,0,0,0,0,0,0,1,0,0,0,0,0,0,0,0,0,0,0,0,0,0,L,PG-13,205,5.5,205,6500000,524698,23,100,
10805,38723,6088249,3,2,2,2,1,No,0,0,0,0,1,0,0,0,0,0,0,0,0,0,0,0,0,0,0,0,0,0,L,R,2016,6.9,0,0,3009341,7,94,
10809,39283,2064684,3,3,3,2,3,Yes,0,0,0,1,0,0,0,1,0,0,0,0,0,0,0,0,0,0,0,1,0,1,M,R,49,6.9,0,0,159671,17,113,
10813,39570,3735303,3,2,2,2,2,No,0,0,0,0,1,0,0,1,0,0,0,0,0,0,0,1,0,0,0,0,0,1,M,R,153,6,9,3500000,72594,19,100,
10819,39185,5518918,3,4,2,2,2,Yes,1,1,1,0,1,0,0,0,0,1,0,0,0,0,0,0,1,0,0,0,0,1,L,R,877,6.8,877,750000,3005175,9,86,
10907,38933,3123749,3,3,2,2,1,No,0,0,0,0,1,0,0,0,0,0,0,0,0,0,0,1,0,0,0,0,0,1,L,R,63,6.3,10,1500000,102386,29,105,
10935,39031,3335839,3,3,3,2,3,Yes,0,0,0,0,0,1,0,1,0,0,0,0,0,0,0,0,0,0,1,0,0,1,H,R,956,7,0,2000000,0,5,116,
10968,39052,1706325,3,3,2,2,1,No,0,0,0,0,0,0,0,1,0,0,0,0,0,0,0,1,0,0,0,0,0,1,M,PG,47,7.2,2,1000000,41860,34,110,
10973,39171,4646830,3,2,3,4,3,Yes,0,0,0,0,0,1,0,1,0,0,0,0,0,0,0,0,0,0,1,0,0,1,L,R,955,7.2,955,16000000,2017795,5,99,
10997,39500,3950294,3,2,2,2,3,Yes,0,0,0,0,1,0,0,1,0,0,0,0,0,0,0,0,0,0,0,0,0,1,L,R,1122,7.1,1122,0,1836256,10,97,
11004,39031,2281089,3,2,2,2,3,No,0,0,0,1,0,0,0,1,0,0,0,0,0,0,1,1,0,0,0,0,0,1,H,R,39,6.1,4,16800000,28815,6,122,
11024,38793,1875009,3,2,3,2,1,Yes,0,0,0,0,1,1,0,1,0,0,0,0,0,0,0,0,0,0,0,0,0,1,L,R,439,7,439,13000000,608804,6,125,
11049,38849,4328294,3,2,2,2,2,Yes,0,0,0,0,1,0,0,0,0,0,0,0,0,0,0,0,0,0,0,0,0,0,M,PG-13,163,5.3,138,0,653723,12,90,
11113,38581,3101301,3,3,2,2,1,No,1,0,0,0,0,0,0,1,0,0,0,0,0,0,0,1,0,1,0,0,0,1,L,PG-13,1621,3.1,1621,0,1330520,6,80,
11199,38667,4432349,3,3,2,3,2,No,0,0,0,0,0,0,0,1,0,0,0,0,0,0,0,0,0,0,0,0,0,0,H,PG-13,277,5.5,21,14000000,120544,12,104,
11230,39745,3081925,3,3,3,3,3,Yes,0,0,0,0,1,0,0,1,0,0,0,0,0,0,0,0,0,0,0,0,0,1,L,R,119,7.3,9,21000000,172194,22,124,
11256,38121,1971135,3,2,3,2,2,Yes,0,0,0,0,1,0,0,1,0,0,0,0,1,0,0,0,0,0,0,0,0,1,M,R,47,6.8,0,0,0,10,95,
11324,39407,4001121,3,3,2,2,3,No,0,0,0,1,0,0,0,1,0,0,0,0,1,0,0,0,0,0,0,0,0,1,H,R,149,7,0,0,5848464,15,135,
11390,38212,2037545,3,3,2,2,2,No,0,0,0,0,0,0,0,1,0,0,0,0,0,0,0,1,0,0,0,0,0,1,L,R,190,6.3,7,3000000,101295,11,101,
11443,38182,3835551,3,3,2,2,3,No,0,0,0,0,1,0,0,1,0,0,0,0,0,0,1,1,0,0,0,0,0,1,M,R,134,6.8,47,0,456876,13,111,
11452,38835,2483955,3,4,2,2,2,Yes,0,0,0,0,0,0,0,1,0,0,0,0,0,0,0,0,0,0,0,0,0,0,L,R,56,6.6,18,9600000,191560,17,144,
11503,37980,2281585,3,3,2,2,2,No,0,0,0,0,0,0,0,1,0,0,0,0,1,0,0,1,0,0,0,0,0,1,M,PG-13,55,6.2,11,15000000,93776,18,0,
11531,37853,4599680,3,3,3,3,3,Yes,0,0,0,0,0,0,0,1,0,0,0,0,0,0,0,0,0,0,0,0,0,0,L,R,243,7,5,1500000,116260,17,100,
11583,38597,5989640,3,4,3,2,2,No,1,1,0,0,0,0,0,0,0,0,0,0,0,0,0,0,1,0,1,0,0,1,L,PG-13,816,4.1,0,52000000,0,5,110,
11598,37708,2073984,3,2,2,2,2,No,0,0,0,0,0,0,0,1,0,0,0,0,0,0,0,1,0,0,0,0,0,1,L,R,69,7.1,2,800000,33166,20,88,
11600,38016,6471394,3,3,2,2,2,No,0,0,0,0,1,1,0,0,0,0,0,0,0,0,0,0,0,0,1,0,0,1,L,PG-13,2304,4.8,2304,50000000,3336374,7,88,
11609,37834,3707201,3,2,2,1,1,No,0,0,0,0,0,0,0,1,0,0,0,0,0,0,0,0,0,0,0,0,0,0,L,R,181,6.5,12,0,121769,22,104,
11687,37547,2062066,3,1,1,1,1,No,0,0,0,1,0,1,0,1,0,0,0,0,0,0,0,0,0,0,0,0,0,1,L,R,461,6.6,11,7000000,123761,14,105,
11724,38653,3020784,3,2,1,1,1,No,0,0,0,0,0,0,0,1,0,0,0,0,0,0,0,1,0,0,0,0,0,1,L,R,495,4.4,0,0,0,8,0,
11728,37470,2506446,3,3,3,2,3,Yes,0,0,0,0,1,0,0,0,0,0,0,0,0,0,0,1,0,0,0,0,0,1,L,R,214,4.8,208,2000000,739834,8,101,
11776,37302,5580479,3,3,2,2,3,No,0,0,0,1,0,0,0,1,0,0,0,0,0,0,0,1,0,0,0,0,0,1,L,R,220,7.1,2,5500000,23144,18,91,
11792,37190,4356743,3,2,2,3,2,Yes,0,0,0,0,1,0,0,0,1,0,0,0,0,0,0,1,0,0,0,0,0,1,L,PG,901,3.6,900,10000000,2307063,4,85,
11795,37379,4839383,3,2,2,2,2,Yes,0,0,0,0,1,0,0,0,0,0,0,0,0,0,0,1,0,0,0,0,0,1,M,PG-13,772,6.4,765,16000000,2017981,8,112,
11832,37470,2882062,3,2,2,2,2,No,0,0,0,0,1,0,0,1,0,0,0,0,0,0,0,1,0,0,0,0,0,1,L,PG-13,180,6.2,6,150000,80682,12,78,
11880,37328,7022940,3,3,1,1,1,Yes,0,0,0,0,1,0,0,1,0,0,0,0,0,0,0,1,0,0,0,0,0,1,L,R,319,6.8,26,1000000,346999,17,97,
11906,37437,4186931,3,2,2,2,2,Yes,0,0,0,0,1,0,0,1,0,0,0,0,0,0,0,1,0,0,0,0,0,1,H,R,175,6.8,8,250000,91910,13,91,
11909,37071,3293258,3,3,2,2,2,Yes,1,1,0,0,1,0,0,0,0,0,0,0,0,1,0,0,0,0,0,0,0,1,H,PG-13,712,4.5,712,3000000,1506233,5,81,
11952,37239,4760014,3,3,2,2,2,No,0,1,0,1,0,0,0,1,0,0,0,0,0,0,0,0,0,0,0,0,0,1,M,PG,306,6.3,2,7000000,55765,48,113,
12000,37183,2892011,3,3,2,1,2,Yes,0,0,1,0,0,0,0,1,0,1,0,0,0,0,1,0,0,0,0,0,0,1,L,R,95,7.6,4,0,88977,28,99,
12012,37288,4814244,3,3,2,2,1,Yes,0,0,0,0,1,0,0,0,0,0,0,0,0,0,0,1,0,0,0,0,0,1,L,R,1893,4.9,1893,11000000,2785283,2,86,
12021,36973,5516708,3,2,2,3,1,Yes,0,0,0,0,1,0,0,0,0,0,0,0,0,0,0,1,0,0,0,0,0,1,L,R,1974,4.7,1974,25000000,2861903,8,95,
12080,37141,3100650,3,4,2,3,1,Yes,0,0,0,0,0,0,0,1,0,0,0,1,0,0,1,0,0,0,1,0,0,1,L,PG-13,604,3.7,601,14000000,1140698,6,84,
12090,36819,2185266,3,3,2,1,1,Yes,0,0,0,0,1,0,0,1,0,0,0,0,1,0,0,0,0,0,0,0,0,1,L,R,244,6.3,17,10000000,190720,7,135,
12092,36889,3429045,3,2,1,1,2,No,0,0,0,0,1,0,0,1,0,0,0,0,0,0,0,1,0,0,0,1,0,1,M,R,117,7.4,33,0,62282,15,109,
12109,36798,3060963,3,3,2,2,2,Yes,0,0,0,0,1,0,0,1,0,0,0,0,0,0,0,0,0,0,0,0,0,1,L,PG-13,646,4.7,646,9000000,1409433,4,112,
12112,36861,3050934,3,3,2,2,1,Yes,0,0,0,0,0,0,0,1,0,0,0,0,1,0,0,0,0,0,0,0,0,1,M,PG-13,104,7,7,1800000,41967,13,109,
12140,37008,6290673,3,3,3,3,2,Yes,0,0,0,0,1,1,0,0,0,0,0,0,0,0,0,0,0,0,0,0,0,1,L,R,1818,6.1,0,0,0,6,93,
12192,36616,3542843,3,3,2,2,1,Yes,0,0,0,0,0,0,0,1,0,0,0,0,0,0,0,0,0,1,0,0,0,1,L,PG-13,807,5.9,802,10000000,1611833,9,118,
12222,36588,6291602,3,3,3,2,2,No,0,0,0,0,1,0,0,0,0,0,0,0,0,0,0,0,1,0,0,0,0,1,L,R,2248,5.5,2248,50000000,3008746,4,105,
12226,36875,7060876,3,3,3,2,3,No,0,0,0,1,0,0,0,1,0,0,1,0,0,0,0,0,0,0,0,0,0,1,M,R,223,7.3,9,13500000,249383,23,124,
12229,37533,6835856,3,3,3,3,2,Yes,0,0,0,0,0,0,0,1,0,0,0,0,0,0,0,1,0,0,0,0,0,1,L,PG-13,437,6.7,22,21000000,329771,12,0,
12250,36651,6543194,3,3,2,2,2,No,0,1,0,0,0,0,0,1,0,0,0,0,0,0,0,1,0,0,0,0,0,1,M,PG-13,2112,5.2,2112,34000000,2411445,7,114,
12255,37188,7307756,3,4,2,2,2,Yes,0,0,0,0,0,1,0,0,0,0,0,1,0,0,0,0,0,0,0,0,0,1,L,R,847,4,847,16000000,2823548,5,96,
12285,37365,4298329,3,3,3,2,2,No,0,0,0,0,0,0,0,1,0,0,0,0,0,0,1,1,0,0,1,1,0,1,L,R,115,6.4,0,0,0,28,119,
12292,36630,5658940,3,3,2,3,2,No,0,0,0,0,1,1,0,1,0,0,0,0,0,0,0,0,0,0,0,0,0,1,L,PG-13,1538,6.1,1538,18000000,2513530,6,89,
12337,37743,5227348,3,3,3,2,2,No,0,0,0,0,0,1,0,1,0,0,0,0,0,0,0,0,0,0,1,0,0,1,M,R,152,6.9,0,0,0,16,132,
10001,40445,535249,2,2,2,2,2,Yes,0,0,0,0,1,0,0,0,0,0,0,0,0,0,0,0,0,0,0,0,0,0,L,R,700,4.2,700,0,301885,2,0,
10050,40389,453079,2,3,2,2,2,No,0,0,0,0,1,0,0,0,0,0,0,0,0,0,0,0,0,0,0,0,0,0,M,R,33,5.9,2,7000000,18861,13,108,
10051,40431,408719,2,3,3,3,2,Yes,0,0,0,0,1,0,0,1,0,0,0,0,1,0,0,0,0,0,0,0,0,1,L,R,120,6.1,19,0,96658,8,108,
10056,40004,406943,2,3,2,2,2,Yes,0,0,0,0,1,0,0,0,0,0,0,0,0,0,0,0,0,0,0,0,0,0,M,R,27,6.1,2,0,28737,14,0,
10085,39990,651542,2,2,2,2,2,No,0,0,0,0,0,0,0,1,0,0,0,0,0,0,0,0,0,0,0,0,0,0,H,R,34,7.9,27,0,115053,17,114,
10118,40270,364636,2,2,1,1,1,Yes,0,0,0,0,0,0,0,1,0,0,0,0,0,0,0,1,0,0,0,0,0,1,L,R,19,6.5,0,6000000,33616,4,99,
10145,40060,622164,2,3,2,2,1,Yes,0,0,0,0,0,0,0,1,0,0,0,0,0,0,0,0,0,0,0,0,0,0,L,PG-13,40,6.9,0,0,0,14,0,
10167,40515,578382,2,2,1,2,1,Yes,0,0,0,0,0,0,0,1,0,0,0,0,0,0,1,0,0,0,1,0,0,1,M,R,35,6.3,2,0,37172,17,101,
10180,40501,400654,2,2,1,1,1,No,0,0,0,0,1,0,0,0,0,0,0,0,0,0,0,0,0,0,0,0,0,0,H,R,55,6.9,55,0,90639,4,0,
10181,39792,856942,2,3,2,2,1,No,0,0,0,0,0,0,0,1,0,0,0,0,0,0,0,0,0,0,0,0,0,0,M,R,40,7.1,2,200000,18218,9,80,
10221,39871,500154,2,3,2,2,2,No,1,0,0,0,0,1,0,0,0,0,0,0,0,0,1,0,0,0,1,0,0,1,L,PG-13,400,5.7,400,0,500154,1,105,
10249,39829,921738,2,4,2,2,1,No,1,1,0,0,1,0,0,1,0,1,0,0,0,1,0,0,0,0,0,0,0,1,L,PG-13,130,4.3,130,0,629921,4,154,
10344,40445,352810,2,3,2,2,2,No,0,0,0,0,0,0,0,1,1,0,0,0,0,0,0,0,0,0,0,0,0,1,L,PG-13,53,7,25,2500000,77960,5,100,
10363,39975,416591,2,2,3,2,2,No,0,0,0,0,0,0,0,1,0,0,0,0,0,0,0,0,0,0,0,0,0,0,H,R,16,7,0,5000000,0,8,127,
10429,39437,1433049,2,2,2,2,2,No,0,0,0,0,1,0,0,0,0,0,0,0,0,0,0,1,0,0,0,0,0,1,M,PG-13,8,3.6,8,10000000,1771,2,93,
10431,39591,580862,2,3,2,2,3,Yes,1,0,0,0,1,0,0,0,0,0,0,0,0,0,0,0,0,0,1,0,0,1,M,R,33,5.7,2,10000000,45714,11,107,
10441,39577,1036061,2,2,2,2,2,No,0,0,0,0,0,0,0,1,0,0,0,0,0,0,0,1,0,0,1,0,0,1,M,PG-13,44,6.7,8,0,48159,18,98,
10478,39759,574940,2,2,1,2,1,No,0,0,0,0,0,0,0,1,0,0,0,1,0,0,0,0,0,0,1,0,0,1,H,R,363,4.8,363,2500000,329836,7,88,
10513,39297,766487,2,3,2,1,3,Yes,0,0,0,0,1,0,0,0,0,0,0,0,0,0,0,0,0,0,0,0,0,0,L,R,47,5.2,25,5250000,121374,9,96,
10516,39122,379643,2,3,2,1,1,No,0,0,0,0,0,0,0,1,0,0,0,0,0,0,0,0,0,0,0,0,0,0,L,PG-13,429,5.6,429,2200000,246483,2,117,
10522,39269,478492,2,3,2,2,3,Yes,0,0,0,0,0,0,0,1,0,0,0,1,0,0,0,0,0,0,1,0,0,1,M,R,49,5.9,6,0,51233,4,106,
10523,39521,1294640,2,2,2,2,3,Yes,0,0,0,0,0,1,0,1,0,0,0,0,0,0,0,0,0,0,1,0,0,1,L,R,288,6.3,274,15000000,510958,7,111,
10538,39605,406252,2,2,2,2,2,Yes,0,0,0,0,1,0,0,0,0,0,0,0,0,0,0,0,0,0,0,0,0,0,H,R,81,5.8,6,0,30493,6,86,
10554,39465,971561,2,3,2,2,3,Yes,0,0,0,0,0,1,0,1,0,0,0,0,0,0,0,1,0,0,1,0,0,1,L,PG-13,107,6.8,107,0,437643,5,108,
10575,39465,347578,2,3,2,1,1,Yes,0,0,0,0,1,0,0,0,0,0,0,1,0,0,0,0,0,0,1,0,0,1,L,R,16,5.8,4,0,36530,18,94,
10615,39409,902115,2,2,2,2,1,No,0,0,0,0,0,0,0,1,0,0,0,0,0,0,0,1,0,0,0,0,0,1,H,PG-13,43,7,7,0,76214,27,111,
10674,39472,884503,2,2,2,2,1,Yes,0,0,0,0,0,1,0,1,0,0,0,0,0,0,0,0,0,0,1,0,0,1,L,R,7,7,7,10000000,19487,1,95,
10677,39787,540183,2,2,2,2,1,Yes,0,0,0,0,1,1,0,1,0,0,0,0,0,0,0,0,0,0,1,0,0,1,M,R,893,6.5,893,0,333912,1,110,
10781,39304,1018965,2,4,2,2,1,Yes,1,0,0,0,0,0,0,0,0,1,0,1,0,0,0,0,0,0,1,0,0,1,L,PG-13,745,4.6,745,0,753520,3,110,
10788,39043,1325092,2,3,1,1,1,No,0,0,0,0,0,0,0,1,0,0,0,0,0,0,0,0,0,0,0,0,0,0,H,PG,44,5.5,44,6500000,200347,23,0,
10802,40095,548775,2,3,2,1,1,Yes,1,0,0,0,0,0,0,1,0,0,0,0,0,0,0,0,0,0,0,0,0,1,L,PG-13,139,5.4,0,3000000,0,10,96,
10804,38793,464991,2,2,2,1,1,Yes,0,0,0,0,1,0,0,0,0,0,0,0,0,0,0,0,0,1,0,0,0,1,L,PG,40,3.7,40,1000000,144376,9,91,
10836,38975,475000,2,3,2,2,1,Yes,0,0,0,0,1,0,0,0,0,0,0,0,0,0,0,0,0,1,0,0,0,1,L,R,164,5.9,164,2800000,275606,2,86,
10858,39745,561000,2,2,3,2,1,Yes,0,0,0,0,0,0,0,1,0,0,0,0,0,0,1,1,0,0,1,0,0,1,L,PG-13,0,5.6,0,25000000,0,0,93,
10925,38590,1046166,2,3,2,2,1,Yes,0,0,0,0,1,0,0,0,0,0,0,0,1,0,0,1,0,0,0,0,0,1,L,PG-13,1304,3.7,1304,9000000,676048,2,97,
10940,38737,887416,2,3,2,2,1,Yes,0,0,0,0,1,0,0,0,0,0,0,0,0,0,0,0,0,0,0,0,0,0,L,PG-13,161,5.4,161,10000000,429223,7,98,
10947,38961,652163,2,3,1,2,1,No,0,1,0,0,1,0,0,1,1,0,0,0,0,0,0,0,0,0,0,0,0,1,L,PG,169,6.7,0,0,0,6,100,
10965,38765,432253,2,2,2,2,1,Yes,0,0,0,0,0,0,0,1,0,0,0,0,0,0,0,0,0,0,0,0,0,0,L,PG-13,87,6.4,87,1200000,226712,3,0,
10990,39031,352786,2,3,2,2,2,Yes,0,0,0,1,0,0,0,1,0,0,0,0,1,0,0,0,0,0,0,0,0,1,H,PG-13,29,6.8,26,11000000,70460,8,104,
11011,40276,871577,2,3,3,2,2,No,0,0,0,1,0,0,0,1,0,0,0,0,1,0,0,0,0,0,0,0,0,1,L,PG-13,29,7.8,1,4500000,27674,14,88,
11014,39003,1150403,2,3,2,2,3,No,0,0,0,1,0,1,0,1,0,0,0,0,0,0,0,0,0,0,0,0,0,1,L,R,179,7.1,179,13000000,452966,10,110,
11054,38961,381186,2,2,2,2,1,Yes,0,0,0,0,0,0,0,1,0,0,0,0,0,0,0,0,0,0,1,0,0,1,L,R,366,6.5,7,900000,27546,4,96,
11101,38821,1410778,2,2,1,2,1,Yes,0,0,0,1,0,0,0,1,0,0,0,0,0,0,0,0,0,0,0,0,0,1,L,R,73,6.7,20,0,143131,11,91,
11112,38555,454711,2,3,3,2,1,Yes,0,0,0,1,0,0,0,1,0,0,0,0,1,0,0,0,0,0,0,0,0,1,M,R,31,5.7,12,0,86556,6,97,
11145,38842,568695,2,2,2,2,2,Yes,0,0,0,0,0,0,0,1,0,0,0,0,0,0,0,1,0,0,1,0,0,1,M,R,28,6.5,3,8000000,22806,14,0,
11213,38660,342297,2,3,2,2,2,Yes,0,0,0,0,0,0,0,1,0,0,0,0,0,0,0,0,0,0,0,0,0,0,H,R,20,6.6,11,4000000,53944,11,101,
11224,38620,1186323,2,3,2,3,1,Yes,0,0,0,0,1,0,0,1,0,0,0,0,0,0,0,1,0,0,0,0,0,1,L,R,56,7.4,0,0,0,17,91,
11235,38275,302990,2,3,2,2,1,Yes,0,0,0,0,1,0,0,0,0,0,0,0,0,0,0,1,0,0,0,0,0,1,L,PG-13,38,4.2,38,0,201567,2,105,
11242,38576,305688,2,3,2,2,1,Yes,0,0,0,0,1,0,0,1,0,0,0,0,0,0,0,0,0,0,0,0,0,1,L,R,24,6.6,8,2500000,58570,11,104,
11261,38793,438732,2,3,2,2,3,No,0,0,0,0,0,0,0,1,0,0,0,0,1,0,0,0,0,0,0,0,0,1,L,R,32,6.7,0,11000000,0,20,122,
11269,37904,1163450,2,2,2,2,2,Yes,0,0,0,0,1,0,0,0,0,0,0,0,0,0,0,0,0,0,0,0,0,0,L,PG,26,6.9,22,0,92436,33,112,
11271,38247,1017376,2,3,3,2,1,Yes,0,0,0,0,1,0,0,1,0,0,0,0,0,0,1,0,0,0,1,0,0,1,L,R,162,6.1,114,5000000,337484,5,128,
11272,38247,527000,2,2,2,2,2,No,0,0,0,0,1,1,0,0,0,0,0,0,0,0,0,0,0,0,0,0,0,1,L,PG-13,1062,2.8,1062,0,403164,1,90,
11295,38436,1310470,2,3,2,2,1,No,1,1,0,0,0,0,0,1,0,0,0,0,0,0,0,0,0,0,0,1,0,1,L,PG-13,37,6.9,26,780000,129056,39,0,
11304,38807,309384,2,3,2,2,1,Yes,0,0,0,0,1,0,0,0,0,0,0,0,0,0,0,1,0,0,0,0,0,1,L,R,17,5.7,0,0,66429,14,99,
11343,38627,864959,2,3,2,2,1,No,0,1,0,0,0,0,0,1,1,1,0,0,0,0,0,0,0,0,0,0,0,1,L,PG,42,7,18,4000000,126449,10,101,
11370,38240,923426,2,3,2,3,3,No,0,0,0,0,1,1,0,1,0,0,0,0,0,0,0,0,0,0,1,0,0,1,L,R,90,6.4,77,0,283209,7,87,
11384,38548,1311633,2,3,3,2,2,Yes,0,0,0,0,1,0,0,1,0,0,0,0,1,0,0,0,0,0,1,0,0,1,M,R,74,6.5,52,0,240075,9,128,
11411,38254,463730,2,3,2,2,3,No,0,0,0,0,1,0,0,0,0,0,0,0,0,0,0,0,0,0,0,0,0,0,L,R,40,5.7,35,0,164801,8,93,
11450,38172,819939,2,3,2,2,2,Yes,0,0,0,0,1,0,0,1,0,0,0,0,0,0,0,1,0,0,0,0,0,1,M,R,19,7.3,0,850000,0,19,107,
11520,37526,814666,2,2,1,1,1,No,0,0,0,0,1,0,0,1,0,0,0,0,0,0,0,1,0,0,0,0,0,1,L,PG,36,6.2,36,950000,56900,32,103,
11681,37666,548712,2,1,1,1,1,No,0,0,0,0,0,0,0,1,0,0,0,0,0,0,0,1,0,0,0,0,0,1,L,R,25,7.1,7,2500000,46791,21,108,
11700,37491,405182,2,3,1,1,1,Yes,0,0,0,0,1,0,0,1,1,0,0,0,1,0,0,0,0,0,0,0,0,1,L,PG,366,6.5,366,2500000,191747,5,96,
11749,37477,881950,2,4,1,1,1,No,0,0,0,0,0,0,0,0,0,0,0,0,0,0,0,0,0,0,1,0,0,0,L,R,42,4.6,14,800000,85610,20,103,
11760,39220,398420,2,3,1,1,1,Yes,0,0,0,0,0,1,0,1,0,0,0,0,0,0,0,0,0,0,0,0,0,1,M,R,16,6.3,0,8000000,0,5,99,
11831,37547,333976,2,2,2,2,2,Yes,0,0,0,0,1,1,0,0,0,0,0,0,0,0,0,0,0,0,0,0,0,1,L,R,45,6.2,16,12000000,75180,9,86,
11856,37855,1646664,2,3,1,1,1,Yes,0,0,0,0,1,0,0,0,0,0,0,0,1,0,0,0,0,0,0,0,0,1,L,R,1200,2.6,1200,20000000,872950,4,84,
11894,37238,1418314,2,2,1,1,1,Yes,0,0,0,1,0,0,0,1,0,0,0,0,0,0,0,0,0,0,0,0,0,1,M,R,21,6.2,2,0,21750,9,103,
11967,37393,406035,2,3,2,2,1,No,0,0,0,0,0,0,0,1,0,0,0,0,0,0,0,0,0,0,0,0,0,0,M,R,13,7.3,4,1500000,26236,18,102,
11971,37533,774317,2,3,2,2,1,No,0,0,0,0,0,1,0,1,0,0,0,0,0,0,0,1,0,0,1,0,0,1,L,R,38,7.2,0,11000000,0,10,97,
11974,37192,727883,2,4,2,1,1,Yes,0,0,0,0,0,0,0,1,0,0,0,0,0,0,1,0,1,0,0,0,0,1,L,R,58,8.2,58,4500000,110494,40,113,
12007,37225,430313,2,3,1,1,1,Yes,0,0,0,0,0,0,0,1,0,0,1,0,0,0,0,0,0,0,0,0,0,1,H,R,40,6,18,0,125523,7,118,
12019,37003,1096037,2,2,2,2,1,No,0,0,0,0,0,0,0,1,0,0,0,0,0,0,0,1,0,0,0,0,0,1,L,UR,50,5.9,7,0,67809,13,88,
12097,36688,1114943,2,2,2,2,1,Yes,0,0,0,0,0,0,0,1,0,0,0,0,1,0,0,0,0,0,0,0,0,1,H,R,55,6,9,500000,55946,23,86,
12136,37022,1079726,2,3,2,2,1,No,0,0,0,0,1,0,0,0,0,0,0,0,0,0,0,0,0,0,0,0,0,0,M,R,2,6.7,2,0,13167,1,111,
12170,36819,1246237,2,3,2,2,1,Yes,0,0,0,0,1,0,0,0,1,0,0,0,0,0,0,0,0,1,0,0,0,1,L,PG,205,3.2,205,4500000,202540,4,93,
12175,37225,623374,2,3,1,1,2,No,0,1,0,0,0,0,0,1,0,0,0,0,0,0,0,0,0,0,0,0,1,1,H,PG-13,404,5,402,38000000,319516,3,90,
12237,36749,1284646,2,2,3,2,1,Yes,0,0,0,0,1,1,0,0,0,0,0,0,0,0,0,0,0,0,1,0,0,1,L,R,82,5.9,9,10000000,127141,11,87,
12243,36660,1568749,2,3,2,2,1,No,0,0,0,0,0,0,0,1,0,0,0,0,0,0,0,1,0,0,1,0,0,1,M,R,65,6,4,2000000,62253,14,112,
